dt,temp_max,temp_min,temp_mean,total_rain_mm,total_snow_cm,total_precip_mm
2018-01-01,-8.7,-21.3,-15.0,0.0,0.0,0.0
2018-01-02,-7.8,-13.1,-10.5,0.0,1.0,1.0
2018-01-03,-6.3,-13.5,-9.9,0.0,0.0,0.0
2018-01-04,-8.9,-20.5,-14.7,0.0,0.0,0.0
2018-01-05,-15.0,-23.0,-19.0,0.0,0.0,0.0
2018-01-06,-16.4,-23.5,-20.0,0.0,0.0,0.0
2018-01-07,-2.0,-20.9,-11.5,0.2,0.2,0.4
2018-01-08,2.2,-2.6,-0.2,0.6,4.0,4.2
2018-01-09,0.6,-2.5,-1.0,0.0,0.0,0.0
2018-01-10,6.6,-4.9,0.9,2.6,0.0,2.6
2018-01-11,12.6,4.5,8.6,7.0,0.0,7.0
2018-01-12,12.2,-12.6,-0.2,10.2,3.4,14.2
2018-01-13,-11.6,-16.9,-14.3,0.0,0.0,0.0
2018-01-14,-6.5,-17.3,-11.9,0.0,0.0,0.0
2018-01-15,-6.5,-9.0,-7.8,0.0,4.4,3.8
2018-01-16,-3.1,-10.3,-6.7,0.0,1.6,1.4
2018-01-17,-5.5,-14.4,-10.0,0.0,0.4,0.4
2018-01-18,-4.1,-9.1,-6.6,0.0,0.0,0.0
2018-01-19,2.0,-6.4,-2.2,0.0,0.0,0.0
2018-01-20,6.2,-0.3,3.0,0.0,0.0,0.0
2018-01-21,4.2,-2.0,1.1,1.0,0.0,1.0
2018-01-22,2.4,0.6,1.5,14.4,0.0,14.4
2018-01-23,7.1,-5.2,1.0,3.4,0.0,3.4
2018-01-24,-4.9,-10.8,-7.9,0.0,0.0,0.0
2018-01-25,-2.5,-11.2,-6.9,0.0,0.0,0.0
2018-01-26,5.7,-2.6,1.6,0.0,0.0,0.0
2018-01-27,9.6,0.3,5.0,1.6,0.0,1.6
2018-01-28,5.2,-3.0,1.1,0.0,0.0,0.0
2018-01-29,-1.9,-6.7,-4.3,0.0,5.2,5.2
2018-01-30,-6.5,-15.4,-11.0,0.0,0.4,0.4
2018-01-31,2.1,-15.1,-6.5,0.0,0.8,0.8
2018-02-01,4.6,-10.4,-2.9,0.0,0.0,0.0
2018-02-02,-9.5,-15.7,-12.6,0.0,0.0,0.0
2018-02-03,-2.3,-10.9,-6.6,0.0,1.8,1.8
2018-02-04,1.5,-9.0,-3.8,0.2,5.2,5.0
2018-02-05,-7.8,-14.1,-11.0,0.0,0.0,0.0
2018-02-06,-4.8,-11.3,-8.1,0.0,0.2,0.2
2018-02-07,-4.8,-13.2,-9.0,0.0,7.4,6.6
2018-02-08,-6.6,-13.1,-9.9,0.0,0.0,0.0
2018-02-09,-5.3,-10.9,-8.1,0.0,6.8,6.0
2018-02-10,-4.4,-6.7,-5.6,0.0,6.4,5.6
2018-02-11,-1.3,-7.2,-4.3,0.0,1.0,3.4
2018-02-12,-3.0,-12.2,-7.6,0.0,0.0,0.0
2018-02-13,-2.2,-14.1,-8.2,0.0,0.0,0.0
2018-02-14,5.2,-4.2,0.5,0.0,0.0,0.0
2018-02-15,8.0,2.6,5.3,0.0,0.0,0.0
2018-02-16,3.3,-7.2,-2.0,0.0,0.0,0.0
2018-02-17,-0.4,-7.7,-4.1,0.0,0.0,0.0
2018-02-18,4.2,-3.5,0.4,0.0,0.0,0.0
2018-02-19,4.2,-2.8,0.7,13.4,0.0,13.4
2018-02-20,16.5,2.8,9.7,7.6,0.0,7.6
2018-02-21,14.6,-2.3,6.2,8.0,0.0,8.0
2018-02-22,2.0,-3.2,-0.6,0.0,0.0,0.0
2018-02-23,6.3,-1.0,2.7,3.0,0.0,3.0
2018-02-24,4.9,0.9,2.9,0.0,0.0,0.0
2018-02-25,12.0,1.0,6.5,4.8,0.0,4.8
2018-02-26,7.7,-1.2,3.3,0.0,0.0,0.0
2018-02-27,13.7,-1.4,6.2,0.0,0.0,0.0
2018-02-28,16.2,1.8,9.0,0.0,0.0,0.0
2018-03-01,4.2,-0.6,1.8,0.2,0.6,0.8
2018-03-02,4.1,-2.2,1.0,0.0,0.4,0.4
2018-03-03,3.9,-3.9,0.0,0.0,0.0,0.0
2018-03-04,2.0,-4.4,-1.2,0.0,0.0,0.0
2018-03-05,4.5,-6.3,-0.9,0.0,0.0,0.0
2018-03-06,1.3,-1.6,-0.2,0.0,0.0,0.0
2018-03-07,2.6,-1.5,0.6,0.0,0.2,0.2
2018-03-08,-0.6,-3.4,-2.0,0.0,0.0,0.0
2018-03-09,4.4,-3.8,0.3,0.0,0.4,0.4
2018-03-10,2.4,-4.2,-0.9,0.0,0.0,0.0
2018-03-11,3.0,-4.6,-0.8,0.0,0.0,0.0
2018-03-12,0.0,-3.7,-1.9,0.0,5.8,2.8
2018-03-13,1.4,-4.2,-1.4,0.0,0.0,0.0
2018-03-14,1.2,-4.9,-1.9,0.0,0.0,0.0
2018-03-15,4.8,-5.3,-0.3,0.0,1.4,1.4
2018-03-16,-0.1,-7.4,-3.8,0.0,0.0,0.0
2018-03-17,6.3,-6.3,0.0,0.0,0.0,0.0
2018-03-18,10.5,-6.4,2.1,0.0,0.0,0.0
2018-03-19,0.3,-7.6,-3.7,0.0,0.0,0.0
2018-03-20,3.4,-7.8,-2.2,0.0,0.0,0.0
2018-03-21,5.0,-4.8,0.1,0.0,0.0,0.0
2018-03-22,5.3,-4.2,0.6,0.0,0.0,0.0
2018-03-23,4.3,-4.4,-0.1,0.0,0.0,0.0
2018-03-24,2.9,-5.6,-1.4,0.0,0.0,0.0
2018-03-25,3.4,-8.0,-2.3,0.0,0.0,0.0
2018-03-26,9.2,-2.4,3.4,0.0,0.0,0.0
2018-03-27,7.1,2.5,4.8,4.4,0.0,4.4
2018-03-28,8.1,2.0,5.1,0.0,0.0,0.0
2018-03-29,6.5,0.9,3.7,17.2,0.0,17.2
2018-03-30,5.3,-2.1,1.6,0.2,0.0,0.2
2018-03-31,9.1,-1.3,3.9,4.8,0.0,4.8
2018-04-01,3.6,-3.7,-0.1,0.0,0.0,0.0
2018-04-02,7.3,-3.5,1.9,0.0,0.0,0.0
2018-04-03,4.8,1.7,3.3,20.8,0.0,20.8
2018-04-04,5.1,-4.7,0.2,4.8,0.0,4.8
2018-04-05,2.0,-5.4,-1.7,0.0,0.0,0.0
2018-04-06,4.9,-3.7,0.6,0.2,1.4,1.8
2018-04-07,0.9,-6.1,-2.6,0.0,0.0,0.0
2018-04-08,1.8,-5.5,-1.9,0.0,0.0,0.0
2018-04-09,3.3,-5.5,-1.1,0.0,0.0,0.0
2018-04-10,6.5,-3.2,1.7,0.4,0.4,0.4
2018-04-11,5.5,-0.3,2.6,1.2,0.0,1.2
2018-04-12,15.9,-2.1,6.9,2.6,0.0,2.6
2018-04-13,5.9,1.6,3.8,7.4,0.0,7.4
2018-04-14,3.8,-4.4,-0.3,5.6,4.2,35.8
2018-04-15,0.8,-4.0,-1.6,15.2,3.8,28.2
2018-04-16,2.9,0.8,1.9,18.6,0.0,18.6
2018-04-17,1.1,-2.0,-0.5,0.0,0.2,0.2
2018-04-18,3.5,0.0,1.8,0.0,0.0,0.0
2018-04-19,3.3,-0.5,1.4,0.0,0.0,0.0
2018-04-20,8.3,-2.3,3.0,0.0,0.0,0.0
2018-04-21,14.1,-2.1,6.0,0.0,0.0,0.0
2018-04-22,16.6,0.4,8.5,0.0,0.0,0.0
2018-04-23,18.7,2.0,10.4,0.0,0.0,0.0
2018-04-24,16.8,6.8,11.8,4.2,0.0,4.2
2018-04-25,11.2,3.7,7.5,18.8,0.0,18.8
2018-04-26,15.9,3.4,9.7,0.6,0.0,0.6
2018-04-27,14.6,2.4,8.5,3.0,0.0,3.0
2018-04-28,8.2,0.8,4.5,1.8,0.0,1.8
2018-04-29,11.9,0.0,6.0,0.0,0.4,0.4
2018-04-30,20.0,1.1,10.6,0.0,0.0,0.0
2018-05-01,27.7,8.2,18.0,0.0,0.0,0.0
2018-05-02,28.0,17.5,22.8,0.0,0.0,0.0
2018-05-03,22.1,9.7,15.9,6.8,0.0,6.8
2018-05-04,24.9,8.2,16.6,8.2,0.0,8.2
2018-05-05,24.6,8.1,16.4,2.2,0.0,2.2
2018-05-06,18.4,11.1,14.8,0.8,0.0,0.8
2018-05-07,16.2,9.6,12.9,0.0,0.0,0.0
2018-05-08,19.1,6.5,12.8,0.0,0.0,0.0
2018-05-09,22.7,8.8,15.8,0.0,0.0,0.0
2018-05-10,20.1,5.0,12.6,2.2,0.0,2.2
2018-05-11,11.2,5.0,8.1,0.0,0.0,0.0
2018-05-12,14.2,7.9,11.1,0.0,0.0,0.0
2018-05-13,18.0,7.4,12.7,0.0,0.0,0.0
2018-05-14,24.3,9.2,16.8,0.0,0.0,0.0
2018-05-15,21.6,10.8,16.2,18.6,0.0,18.6
2018-05-16,20.2,8.0,14.1,0.0,0.0,0.0
2018-05-17,24.3,11.6,18.0,0.0,0.0,0.0
2018-05-18,16.8,9.9,13.4,0.0,0.0,0.0
2018-05-19,16.8,9.9,13.4,8.0,0.0,8.0
2018-05-20,20.0,9.2,14.6,0.0,0.0,0.0
2018-05-21,20.8,7.4,14.1,0.0,0.0,0.0
2018-05-22,17.6,11.1,14.4,8.6,0.0,8.6
2018-05-23,25.8,10.2,18.0,0.0,0.0,0.0
2018-05-24,28.5,12.2,20.4,0.0,0.0,0.0
2018-05-25,30.3,16.0,23.2,0.0,0.0,0.0
2018-05-26,27.5,16.9,22.2,0.0,0.0,0.0
2018-05-27,26.6,16.5,21.6,0.0,0.0,0.0
2018-05-28,30.8,15.0,22.9,0.0,0.0,0.0
2018-05-29,27.1,18.8,23.0,0.0,0.0,0.0
2018-05-30,29.2,18.4,23.8,0.0,0.0,0.0
2018-05-31,30.7,20.3,25.5,10.0,0.0,10.0
2018-06-01,28.0,15.1,21.6,0.0,0.0,0.0
2018-06-02,21.3,13.5,17.4,0.0,0.0,0.0
2018-06-03,21.3,14.0,17.7,7.4,0.0,7.4
2018-06-04,19.3,14.3,16.8,1.0,0.0,1.0
2018-06-05,15.5,10.5,13.0,0.2,0.0,0.2
2018-06-06,16.4,10.2,13.3,0.0,0.0,0.0
2018-06-07,23.1,11.4,17.3,0.0,0.0,0.0
2018-06-08,22.2,12.6,17.4,0.0,0.0,0.0
2018-06-09,23.6,12.7,18.2,0.0,0.0,0.0
2018-06-10,22.8,14.0,18.4,0.0,0.0,0.0
2018-06-11,22.8,11.4,17.1,0.0,0.0,0.0
2018-06-12,26.1,10.7,18.4,0.0,0.0,0.0
2018-06-13,30.1,15.8,23.0,3.2,0.0,3.2
2018-06-14,25.4,14.3,19.9,0.0,0.0,0.0
2018-06-15,25.1,13.1,19.1,0.0,0.0,0.0
2018-06-16,29.5,13.9,21.7,0.0,0.0,0.0
2018-06-17,31.9,17.2,24.6,0.0,0.0,0.0
2018-06-18,33.0,17.7,25.4,2.6,0.0,2.6
2018-06-19,23.2,16.0,19.6,0.0,0.0,0.0
2018-06-20,25.4,15.3,20.4,0.0,0.0,0.0
2018-06-21,21.7,14.4,18.1,0.0,0.0,0.0
2018-06-22,22.9,12.8,17.9,1.6,0.0,1.6
2018-06-23,19.5,16.5,18.0,4.8,0.0,4.8
2018-06-24,21.3,14.8,18.1,21.4,0.0,21.4
2018-06-25,23.3,12.9,18.1,0.0,0.0,0.0
2018-06-26,23.4,11.1,17.3,0.0,0.0,0.0
2018-06-27,22.1,16.5,19.3,7.8,0.0,7.8
2018-06-28,29.6,19.6,24.6,0.0,0.0,0.0
2018-06-29,31.5,19.1,25.3,0.0,0.0,0.0
2018-06-30,35.4,21.9,28.7,0.0,0.0,0.0
2018-07-01,34.3,23.8,29.1,0.0,0.0,0.0
2018-07-02,34.0,19.9,27.0,0.0,0.0,0.0
2018-07-03,30.8,18.6,24.7,0.0,0.0,0.0
2018-07-04,33.4,19.3,26.4,0.0,0.0,0.0
2018-07-05,33.6,20.7,27.2,23.8,0.0,23.8
2018-07-06,23.4,17.1,20.3,,,
2018-07-07,25.5,13.8,19.7,0.0,0.0,0.0
2018-07-08,28.4,14.7,21.6,0.0,0.0,0.0
2018-07-09,32.4,14.8,23.6,0.0,0.0,0.0
2018-07-10,29.7,18.8,24.3,0.0,0.0,0.0
2018-07-11,27.3,17.1,22.2,0.0,0.0,0.0
2018-07-12,29.8,16.8,23.3,0.0,0.0,0.0
2018-07-13,30.4,21.2,25.8,0.0,0.0,0.0
2018-07-14,28.8,21.4,25.1,0.2,0.0,0.2
2018-07-15,30.4,21.3,25.9,0.0,0.0,0.0
2018-07-16,32.1,21.0,26.6,8.0,0.0,8.0
2018-07-17,27.5,17.8,22.7,0.0,0.0,0.0
2018-07-18,23.8,15.8,19.8,0.0,0.0,0.0
2018-07-19,27.3,14.1,20.7,0.0,0.0,0.0
2018-07-20,30.1,18.2,24.2,0.6,0.0,0.6
2018-07-21,26.2,17.9,22.1,0.4,0.0,0.4
2018-07-22,23.9,16.9,20.4,15.4,0.0,15.4
2018-07-23,28.1,20.6,24.4,0.0,0.0,0.0
2018-07-24,30.1,21.8,26.0,5.4,0.0,5.4
2018-07-25,30.0,18.9,24.5,0.0,0.0,0.0
2018-07-26,29.6,16.9,23.3,8.0,0.0,8.0
2018-07-27,26.5,16.8,21.7,2.0,0.0,2.0
2018-07-28,23.7,14.9,19.3,0.2,0.0,0.2
2018-07-29,26.4,13.4,19.9,0.0,0.0,0.0
2018-07-30,26.7,17.2,22.0,0.0,0.0,0.0
2018-07-31,25.8,18.1,22.0,0.0,0.0,0.0
2018-08-01,27.2,20.1,23.7,0.6,0.0,0.6
2018-08-02,30.3,18.1,24.2,0.0,0.0,0.0
2018-08-03,29.0,19.9,24.5,0.0,0.0,0.0
2018-08-04,31.9,19.4,25.7,0.0,0.0,0.0
2018-08-05,34.9,19.0,27.0,0.0,0.0,0.0
2018-08-06,34.2,21.3,27.8,22.6,0.0,22.6
2018-08-07,28.2,20.5,24.4,6.0,0.0,6.0
2018-08-08,25.7,17.4,21.6,21.0,0.0,21.0
2018-08-09,29.6,16.6,23.1,2.4,0.0,2.4
2018-08-10,24.8,17.3,21.1,0.0,0.0,0.0
2018-08-11,26.8,15.4,21.1,4.2,0.0,4.2
2018-08-12,27.6,18.6,23.1,0.0,0.0,0.0
2018-08-13,27.2,19.2,23.2,0.0,0.0,0.0
2018-08-14,31.4,20.6,26.0,0.0,0.0,0.0
2018-08-15,31.3,20.0,25.7,0.0,0.0,0.0
2018-08-16,29.9,20.2,25.1,1.4,0.0,1.4
2018-08-17,29.3,21.2,25.3,14.6,0.0,14.6
2018-08-18,24.9,19.1,22.0,0.4,0.0,0.4
2018-08-19,24.8,17.1,21.0,0.0,0.0,0.0
2018-08-20,25.5,17.9,21.7,0.0,0.0,0.0
2018-08-21,25.9,19.7,22.8,25.6,0.0,25.6
2018-08-22,21.4,15.1,18.3,0.8,0.0,0.8
2018-08-23,26.6,14.8,20.7,0.0,0.0,0.0
2018-08-24,27.0,14.6,20.8,0.0,0.0,0.0
2018-08-25,25.6,20.1,22.9,17.8,0.0,17.8
2018-08-26,28.7,20.3,24.5,0.0,0.0,0.0
2018-08-27,28.7,19.9,24.3,0.8,0.0,0.8
2018-08-28,31.7,24.3,28.0,0.0,0.0,0.0
2018-08-29,28.5,17.4,23.0,0.0,0.0,0.0
2018-08-30,18.6,15.0,16.8,0.0,0.0,0.0
2018-08-31,23.3,16.2,19.8,0.0,0.0,0.0
2018-09-01,27.4,15.2,21.3,0.0,0.0,0.0
2018-09-02,29.9,22.3,26.1,0.4,0.0,0.4
2018-09-03,31.9,21.7,26.8,0.0,0.0,0.0
2018-09-04,28.1,19.7,23.9,0.0,0.0,0.0
2018-09-05,34.2,21.5,27.9,0.4,0.0,0.4
2018-09-06,26.3,16.4,21.4,0.6,0.0,0.6
2018-09-07,24.5,15.1,19.8,0.0,0.0,0.0
2018-09-08,17.0,12.1,14.6,0.0,0.0,0.0
2018-09-09,16.0,,,0.0,0.0,0.0
2018-09-10,15.9,12.2,14.1,26.2,0.0,26.2
2018-09-11,20.8,14.4,17.6,0.0,0.0,0.0
2018-09-12,23.8,12.7,18.3,0.0,0.0,0.0
2018-09-13,25.2,16.3,20.8,0.0,0.0,0.0
2018-09-14,27.8,19.7,23.8,0.0,0.0,0.0
2018-09-15,28.7,19.8,24.3,0.0,0.0,0.0
2018-09-16,28.4,19.6,24.0,0.0,0.0,0.0
2018-09-17,27.0,20.0,23.5,0.0,0.0,0.0
2018-09-18,27.6,15.3,21.5,0.0,0.0,0.0
2018-09-19,22.2,13.3,17.8,0.0,0.0,0.0
2018-09-20,19.2,14.6,16.9,0.0,0.0,0.0
2018-09-21,32.2,12.6,22.4,0.4,0.0,0.4
2018-09-22,16.3,10.0,13.2,0.0,0.0,0.0
2018-09-23,19.1,6.4,12.8,0.0,0.0,0.0
2018-09-24,19.5,10.2,14.9,2.2,0.0,2.2
2018-09-25,21.6,15.6,18.6,6.2,0.0,6.2
2018-09-26,24.0,11.2,17.6,0.0,0.0,0.0
2018-09-27,17.7,8.4,13.1,0.0,0.0,0.0
2018-09-28,23.5,9.7,16.6,3.2,0.0,3.2
2018-09-29,16.7,7.7,12.2,0.0,0.0,0.0
2018-09-30,12.9,9.4,11.2,10.4,0.0,10.4
2018-10-01,12.4,7.6,10.0,9.8,0.0,9.8
2018-10-02,13.1,9.2,11.2,12.6,0.0,12.6
2018-10-03,17.4,11.1,14.3,0.0,0.0,0.0
2018-10-04,22.6,6.5,14.6,4.0,0.0,4.0
2018-10-05,12.5,5.2,8.9,0.0,0.0,0.0
2018-10-06,16.8,9.4,13.1,1.4,0.0,1.4
2018-10-07,14.4,11.7,13.1,5.2,0.0,5.2
2018-10-08,14.1,11.0,12.6,3.2,0.0,3.2
2018-10-09,29.0,13.4,21.2,0.0,0.0,0.0
2018-10-10,26.8,19.1,23.0,0.2,0.0,0.2
2018-10-11,22.4,7.5,15.0,0.0,0.0,0.0
2018-10-12,10.9,5.5,8.2,0.8,0.0,0.8
2018-10-13,10.1,3.2,6.7,1.2,0.0,1.2
2018-10-14,15.2,3.2,9.2,0.0,0.0,0.0
2018-10-15,14.0,2.0,8.0,1.0,0.0,1.0
2018-10-16,12.2,0.7,6.5,0.0,0.0,0.0
2018-10-17,9.3,0.9,5.1,0.2,0.0,0.2
2018-10-18,8.4,-1.4,3.5,0.0,0.0,0.0
2018-10-19,15.9,5.3,10.6,0.0,0.0,0.0
2018-10-20,11.9,2.6,7.3,0.2,0.0,0.2
2018-10-21,5.7,0.2,3.0,0.0,0.0,0.0
2018-10-22,11.0,2.1,6.6,0.0,0.0,0.0
2018-10-23,9.5,1.3,5.4,0.8,0.0,0.8
2018-10-24,5.4,1.8,3.6,0.4,0.0,0.4
2018-10-25,7.4,1.5,4.5,0.2,0.0,0.2
2018-10-26,8.8,4.6,6.7,0.0,0.0,0.0
2018-10-27,6.3,0.6,3.5,6.8,2.0,9.6
2018-10-28,6.3,0.6,3.5,0.8,0.4,1.2
2018-10-29,9.1,-1.0,4.1,1.0,0.0,1.0
2018-10-30,11.3,-1.5,4.9,0.6,0.0,0.6
2018-10-31,13.6,4.2,8.9,16.2,0.0,16.2
2018-11-01,7.8,4.5,6.2,29.6,0.0,29.6
2018-11-02,5.2,3.6,4.4,5.0,0.0,5.0
2018-11-03,6.8,0.4,3.6,1.6,0.0,1.6
2018-11-04,7.3,-0.6,3.4,0.0,0.0,0.0
2018-11-05,11.1,6.5,8.8,1.8,0.0,1.8
2018-11-06,16.2,8.6,12.4,7.0,0.0,7.0
2018-11-07,9.0,4.1,6.6,1.0,0.0,1.0
2018-11-08,5.5,2.6,4.1,0.4,0.0,0.4
2018-11-09,4.0,1.0,2.5,7.6,1.0,11.4
2018-11-10,2.5,-2.6,-0.1,0.0,0.0,0.0
2018-11-11,4.2,-3.0,0.6,0.0,0.0,0.0
2018-11-12,6.3,0.8,3.6,1.0,0.0,1.0
2018-11-13,1.7,-4.3,-1.3,0.8,0.4,1.4
2018-11-14,1.1,-5.5,-2.2,0.0,0.0,0.0
2018-11-15,0.4,-5.1,-2.4,0.0,9.0,10.4
2018-11-16,2.2,0.1,1.2,0.0,4.2,5.2
2018-11-17,2.4,-4.8,-1.2,0.0,0.0,0.0
2018-11-18,2.1,-5.8,-1.9,0.0,0.0,0.0
2018-11-19,4.2,-4.0,0.1,0.0,0.0,0.0
2018-11-20,1.1,-3.4,-1.2,0.0,0.4,0.4
2018-11-21,1.4,-12.9,-5.8,0.0,0.0,0.0
2018-11-22,-5.9,-13.3,-9.6,0.0,0.0,0.0
2018-11-23,2.5,-5.9,-1.7,0.0,0.0,0.0
2018-11-24,6.3,0.4,3.4,2.8,0.0,2.8
2018-11-25,8.1,3.2,5.7,0.0,0.0,0.0
2018-11-26,5.6,2.0,3.8,25.4,0.0,25.4
2018-11-27,2.5,-1.7,0.4,0.2,0.6,0.8
2018-11-28,3.4,-1.8,0.8,0.0,0.0,0.0
2018-11-29,2.0,-0.2,0.9,0.0,0.0,0.0
2018-11-30,1.7,-0.1,0.8,0.0,0.0,0.0
2018-12-01,3.4,-0.7,1.4,2.6,0.8,3.4
2018-12-02,10.1,3.2,6.7,3.8,0.0,3.8
2018-12-03,7.3,-1.9,2.7,1.8,1.0,2.0
2018-12-04,0.0,-6.2,-3.1,0.0,0.0,0.0
2018-12-05,1.4,-8.3,-3.5,0.0,0.2,0.2
2018-12-06,2.1,-4.1,-1.0,0.0,0.0,0.0
2018-12-07,-3.2,-9.2,-6.2,0.0,0.0,0.0
2018-12-08,0.2,-6.7,-3.3,0.0,0.0,0.0
2018-12-09,0.9,-6.7,-2.9,0.0,0.0,0.0
2018-12-10,1.2,-1.4,-0.1,0.0,0.0,0.0
2018-12-11,-0.2,-3.4,-1.8,0.0,0.2,0.2
2018-12-12,1.2,-0.9,0.2,0.0,0.8,1.0
2018-12-13,2.5,-1.1,0.7,0.0,0.6,0.6
2018-12-14,5.4,-1.0,2.2,2.6,0.0,2.6
2018-12-15,4.0,-0.6,1.7,0.0,0.0,0.0
2018-12-16,3.9,-0.6,1.7,0.0,0.0,0.0
2018-12-17,2.7,-1.0,0.9,0.0,0.0,0.0
2018-12-18,0.2,-6.2,-3.0,0.0,0.0,0.0
2018-12-19,5.9,-2.8,1.6,0.0,0.0,0.0
2018-12-20,5.3,-0.3,2.5,6.4,0.0,6.4
2018-12-21,5.2,-1.0,2.1,9.6,0.0,9.6
2018-12-22,-0.2,-2.2,-1.2,0.0,0.0,0.0
2018-12-23,0.7,-1.8,-0.6,0.0,0.2,0.2
2018-12-24,2.0,-4.5,-1.3,0.0,0.0,0.0
2018-12-25,0.3,-3.2,-1.5,0.0,0.0,0.0
2018-12-26,2.2,-6.0,-1.9,0.0,0.0,0.0
2018-12-27,2.8,-7.4,-2.3,5.4,0.0,5.4
2018-12-28,12.4,2.7,7.6,1.8,0.0,1.8
2018-12-29,2.7,-7.0,-2.2,0.0,0.0,0.0
2018-12-30,0.7,-6.6,-3.0,0.0,1.6,1.2
2018-12-31,5.0,-2.5,1.3,13.6,0.0,13.6
2019-01-01,5.2,-8.0,-1.4,0.6,0.0,0.6
2019-01-02,-0.5,-9.3,-4.9,0.0,3.6,3.6
2019-01-03,0.8,-2.8,-1.0,0.0,0.2,0.2
2019-01-04,8.0,-0.8,3.6,0.0,0.0,0.0
2019-01-05,4.0,-1.7,1.2,0.0,0.0,0.0
2019-01-06,4.0,-7.3,-1.7,0.0,0.0,0.0
2019-01-07,5.7,-8.4,-1.4,2.8,0.0,2.8
2019-01-08,8.2,2.4,5.3,3.8,0.0,3.8
2019-01-09,2.3,-4.9,-1.3,0.0,0.0,0.0
2019-01-10,-4.6,-11.4,-8.0,0.0,0.0,0.0
2019-01-11,-7.5,-13.8,-10.7,0.0,0.0,0.0
2019-01-12,-4.3,-9.0,-6.7,0.0,0.0,0.0
2019-01-13,-5.4,-11.9,-8.7,0.0,0.0,0.0
2019-01-14,-0.8,-7.8,-4.3,0.0,0.0,0.0
2019-01-15,0.1,-4.1,-2.0,0.0,0.0,0.0
2019-01-16,-0.3,-12.2,-6.3,0.0,0.4,0.4
2019-01-17,-3.5,-13.2,-8.4,0.0,0.6,0.6
2019-01-18,-0.4,-10.4,-5.4,0.0,1.6,1.6
2019-01-19,-10.3,-16.8,-13.6,0.0,6.4,5.4
2019-01-20,-14.2,-21.8,-18.0,0.0,2.0,1.6
2019-01-21,-11.7,-21.7,-16.7,0.0,0.0,0.0
2019-01-22,-0.6,-19.1,-9.9,0.0,0.2,0.2
2019-01-23,6.1,-1.2,2.5,7.2,3.0,10.8
2019-01-24,2.8,-3.5,-0.4,0.4,0.2,0.6
2019-01-25,-3.2,-12.0,-7.6,0.0,1.2,0.8
2019-01-26,-6.6,-14.3,-10.5,0.0,0.4,0.4
2019-01-27,-6.0,-16.1,-11.1,0.0,10.0,9.6
2019-01-28,-5.7,-19.7,-12.7,0.0,26.4,19.6
2019-01-29,-2.1,-15.5,-8.8,0.0,7.0,4.8
2019-01-30,-15.4,-22.6,-19.0,0.0,0.2,0.2
2019-01-31,-14.4,-22.8,-18.6,0.0,0.0,0.0
2019-02-01,-10.1,-19.1,-14.6,0.0,0.0,0.0
2019-02-02,1.1,-14.8,-6.9,0.4,0.0,0.4
2019-02-03,7.7,0.0,3.9,0.2,0.0,0.2
2019-02-04,12.7,5.6,9.2,2.2,0.0,2.2
2019-02-05,9.6,-7.1,1.3,0.0,0.0,0.0
2019-02-06,-1.1,-6.7,-3.9,14.8,2.0,16.8
2019-02-07,3.6,-3.3,0.2,0.6,0.0,0.6
2019-02-08,5.3,-9.6,-2.2,0.0,0.4,0.4
2019-02-09,-3.9,-10.0,-7.0,0.0,0.0,0.0
2019-02-10,-3.5,-9.5,-6.5,0.0,0.8,0.4
2019-02-11,-3.7,-6.7,-5.2,0.0,0.8,0.8
2019-02-12,0.8,-7.9,-3.6,8.0,7.4,18.2
2019-02-13,0.8,-5.2,-2.2,0.0,6.0,5.0
2019-02-14,1.7,-5.7,-2.0,0.2,0.0,0.2
2019-02-15,3.7,-4.6,-0.5,1.4,0.0,1.4
2019-02-16,-2.7,-7.8,-5.3,0.0,0.2,0.2
2019-02-17,-6.0,-11.0,-8.5,0.0,0.2,0.2
2019-02-18,-5.7,-14.4,-10.1,0.0,4.5,2.4
2019-02-19,-4.0,-15.8,-9.9,0.0,0.0,0.0
2019-02-20,0.1,-11.9,-5.9,1.0,0.0,1.2
2019-02-21,3.0,-3.2,-0.1,0.0,0.0,0.0
2019-02-22,1.8,-5.1,-1.7,0.0,0.0,0.0
2019-02-23,2.3,-5.4,-1.6,0.0,0.0,0.0
2019-02-24,6.9,-3.1,1.9,6.2,0.6,6.8
2019-02-25,-3.0,-8.2,-5.6,0.0,1.8,1.0
2019-02-26,-5.8,-10.6,-8.2,0.0,0.0,0.0
2019-02-27,-7.6,-13.6,-10.6,0.0,18.4,17.6
2019-02-28,-6.8,-17.3,-12.1,0.0,0.0,0.0
2019-03-01,-0.5,-13.4,-7.0,0.0,0.0,0.0
2019-03-02,-0.8,-6.3,-3.6,0.0,4.0,4.4
2019-03-03,-2.0,-9.2,-5.6,0.0,0.4,0.4
2019-03-04,-7.8,-14.1,-11.0,0.0,0.0,0.0
2019-03-05,-8.6,-15.3,-12.0,0.0,0.0,0.0
2019-03-06,-9.2,-14.8,-12.0,0.0,0.0,0.0
2019-03-07,-5.8,-14.2,-10.0,0.0,0.0,0.0
2019-03-08,-1.1,-15.0,-8.1,0.0,0.0,0.0
2019-03-09,0.8,-11.5,-5.4,0.8,0.0,0.8
2019-03-10,5.4,0.6,3.0,12.2,0.0,12.2
2019-03-11,2.3,-2.3,0.0,0.0,0.0,0.0
2019-03-12,2.9,-2.7,0.1,0.0,0.0,0.0
2019-03-13,4.0,-2.6,0.7,0.4,0.0,0.4
2019-03-14,8.9,1.5,5.2,9.0,0.0,9.0
2019-03-15,9.9,-0.2,4.9,0.0,0.0,0.0
2019-03-16,1.6,-4.6,-1.5,0.0,0.0,0.0
2019-03-17,2.5,-6.9,-2.2,0.0,0.0,0.0
2019-03-18,3.3,-3.8,-0.3,0.0,0.0,0.0
2019-03-19,7.3,-5.5,0.9,0.0,0.6,0.6
2019-03-20,9.7,-0.5,4.6,0.0,0.0,0.0
2019-03-21,7.9,2.9,5.4,1.2,0.0,1.2
2019-03-22,3.6,-4.3,-0.4,0.0,0.0,0.0
2019-03-23,5.1,-6.9,-0.9,0.0,0.0,0.0
2019-03-24,9.4,-2.2,3.6,0.0,0.0,0.0
2019-03-25,3.8,-5.0,-0.6,0.0,0.0,0.0
2019-03-26,4.6,-4.2,0.2,0.0,0.0,0.0
2019-03-27,7.9,-4.1,1.9,0.0,0.0,0.0
2019-03-28,12.5,-2.0,5.3,0.4,0.0,0.4
2019-03-29,12.0,3.0,7.5,0.0,0.0,0.0
2019-03-30,4.4,0.2,2.3,30.2,2.0,33.4
2019-03-31,2.1,-3.9,-0.9,0.0,1.2,1.0
2019-04-01,3.3,-5.5,-1.1,0.0,0.0,0.0
2019-04-02,9.4,0.0,4.7,0.0,0.0,0.0
2019-04-03,6.7,0.2,3.5,0.2,0.2,0.4
2019-04-04,5.6,-2.0,1.8,0.0,0.0,0.0
2019-04-05,4.0,-0.1,2.0,0.0,0.0,0.0
2019-04-06,14.0,3.6,8.8,0.0,0.0,0.0
2019-04-07,12.8,6.1,9.5,4.0,0.0,4.0
2019-04-08,14.8,5.3,10.1,0.0,0.0,0.0
2019-04-09,9.9,2.8,6.4,0.0,0.0,0.0
2019-04-10,8.2,0.0,4.1,0.0,0.0,0.0
2019-04-11,4.1,-0.9,1.6,0.0,0.0,0.8
2019-04-12,13.9,4.1,9.0,1.8,0.0,1.8
2019-04-13,16.4,3.0,9.7,0.0,0.0,0.0
2019-04-14,4.0,1.6,2.8,27.8,0.0,27.8
2019-04-15,8.8,1.0,4.9,1.2,0.0,1.2
2019-04-16,8.6,-1.8,3.4,0.4,0.0,0.4
2019-04-17,14.3,0.5,7.4,0.6,0.0,0.6
2019-04-18,21.8,6.0,13.9,1.8,0.0,1.8
2019-04-19,13.1,4.7,8.9,18.6,0.0,18.6
2019-04-20,8.6,4.7,6.7,13.0,0.0,13.0
2019-04-21,12.8,6.0,9.4,0.0,0.0,0.0
2019-04-22,16.0,5.4,10.7,0.0,0.0,0.0
2019-04-23,14.8,6.0,10.4,2.2,0.0,2.2
2019-04-24,13.5,3.9,8.7,0.0,0.0,0.0
2019-04-25,12.9,2.2,7.6,0.8,0.0,0.8
2019-04-26,13.0,3.1,8.1,18.0,0.0,18.0
2019-04-27,8.0,1.0,4.5,0.0,0.0,0.0
2019-04-28,10.5,1.7,6.1,0.0,0.0,0.0
2019-04-29,7.0,-0.6,3.2,0.6,0.2,0.8
2019-04-30,9.7,3.0,6.4,1.2,0.0,1.2
2019-05-01,8.4,4.9,6.7,14.6,0.0,14.6
2019-05-02,10.3,4.7,7.5,1.8,0.0,1.8
2019-05-03,11.9,5.7,8.8,13.4,0.0,13.4
2019-05-04,12.7,6.5,9.6,0.2,0.0,0.2
2019-05-05,16.7,4.9,10.8,0.0,0.0,0.0
2019-05-06,23.4,6.9,15.2,0.0,0.0,0.0
2019-05-07,14.7,4.7,9.7,2.6,0.0,2.6
2019-05-08,11.6,2.8,7.2,0.0,0.0,0.0
2019-05-09,16.0,8.0,12.0,6.2,0.0,6.2
2019-05-10,16.8,2.9,9.9,7.4,0.0,7.4
2019-05-11,12.7,1.1,6.9,0.0,0.0,0.0
2019-05-12,9.6,4.6,7.1,5.4,0.0,5.4
2019-05-13,,,,7.6,0.0,7.6
2019-05-14,15.6,6.3,11.0,0.4,0.0,0.4
2019-05-15,20.1,5.1,12.6,0.8,0.0,0.8
2019-05-16,14.6,7.4,11.0,0.0,0.0,0.0
2019-05-17,18.6,8.6,13.6,0.0,0.0,0.0
2019-05-18,15.7,6.0,10.9,0.0,0.0,0.0
2019-05-19,21.6,9.1,15.4,2.0,0.0,2.0
2019-05-20,18.3,5.5,11.9,0.0,0.0,0.0
2019-05-21,18.5,4.7,11.6,0.0,0.0,0.0
2019-05-22,15.2,7.3,11.3,0.6,0.0,0.6
2019-05-23,26.6,7.8,17.2,0.8,0.0,0.8
2019-05-24,21.4,11.8,16.6,0.0,0.0,0.0
2019-05-25,20.1,10.8,15.5,28.0,0.0,28.0
2019-05-26,23.1,12.4,17.8,0.0,0.0,0.0
2019-05-27,23.1,10.2,16.7,0.6,0.0,0.6
2019-05-28,13.0,9.5,11.3,4.6,0.0,4.6
2019-05-29,15.7,10.5,13.1,0.6,0.0,0.6
2019-05-30,21.8,10.8,16.3,0.0,0.0,0.0
2019-05-31,18.2,9.3,13.8,0.0,0.0,0.0
2019-06-01,20.6,11.3,16.0,1.0,0.0,1.0
2019-06-02,20.3,7.6,14.0,3.0,0.0,3.0
2019-06-03,16.8,6.3,11.6,0.0,0.0,0.0
2019-06-04,17.9,6.4,12.2,0.0,0.0,0.0
2019-06-05,17.6,11.5,14.6,11.2,0.0,11.2
2019-06-06,22.8,14.5,18.7,0.0,0.0,0.0
2019-06-07,26.0,12.0,19.0,0.0,0.0,0.0
2019-06-08,23.8,13.0,18.4,0.0,0.0,0.0
2019-06-09,26.2,13.2,19.7,0.0,0.0,0.0
2019-06-10,19.0,12.4,15.7,14.8,0.0,14.8
2019-06-11,22.6,10.3,16.5,0.0,0.0,0.0
2019-06-12,21.9,10.0,16.0,0.0,0.0,0.0
2019-06-13,16.6,12.6,14.6,22.8,0.0,22.8
2019-06-14,22.8,10.8,16.8,0.2,0.0,0.2
2019-06-15,20.5,13.9,17.2,0.4,0.0,0.4
2019-06-16,20.1,10.8,15.5,0.0,0.0,0.0
2019-06-17,22.2,13.3,17.8,0.0,0.0,0.0
2019-06-18,24.4,16.1,20.3,0.0,0.0,0.0
2019-06-19,25.3,16.3,20.8,0.0,0.0,0.0
2019-06-20,21.7,16.0,18.9,26.0,0.0,26.0
2019-06-21,23.0,14.5,18.8,0.0,0.0,0.0
2019-06-22,24.3,12.9,18.6,0.0,0.0,0.0
2019-06-23,25.7,12.9,19.3,0.0,0.0,0.0
2019-06-24,25.9,14.6,20.3,16.0,0.0,16.0
2019-06-25,25.4,17.2,21.3,0.0,0.0,0.0
2019-06-26,29.1,18.3,23.7,1.2,0.0,1.2
2019-06-27,29.1,16.8,23.0,0.0,0.0,0.0
2019-06-28,29.6,17.2,23.4,12.0,0.0,12.0
2019-06-29,29.1,17.7,23.4,0.0,0.0,0.0
2019-06-30,23.6,15.7,19.7,0.0,0.0,0.0
2019-07-01,27.3,14.3,20.8,0.0,0.0,0.0
2019-07-02,26.4,20.2,23.3,0.6,0.0,0.6
2019-07-03,28.9,18.8,23.9,0.0,0.0,0.0
2019-07-04,29.3,18.1,23.7,0.0,0.0,0.0
2019-07-05,31.0,21.2,26.1,1.6,0.0,1.6
2019-07-06,31.0,21.9,26.5,0.0,0.0,0.0
2019-07-07,23.6,16.5,20.1,0.0,0.0,0.0
2019-07-08,25.3,15.0,20.2,0.0,0.0,0.0
2019-07-09,26.9,15.8,21.4,0.0,0.0,0.0
2019-07-10,29.3,15.3,22.3,0.4,0.0,0.4
2019-07-11,31.0,16.5,23.8,1.6,0.0,1.6
2019-07-12,24.4,16.6,20.5,0.0,0.0,0.0
2019-07-13,31.2,15.4,23.3,6.2,0.0,6.2
2019-07-14,27.2,16.9,22.1,0.0,0.0,0.0
2019-07-15,26.9,15.4,21.2,0.0,0.0,0.0
2019-07-16,31.8,18.6,25.2,3.6,0.0,3.6
2019-07-17,28.3,21.8,25.1,67.0,0.0,67.0
2019-07-18,29.0,21.4,25.2,0.0,0.0,0.0
2019-07-19,30.7,22.3,26.5,0.2,0.0,0.2
2019-07-20,33.0,22.2,27.6,4.6,0.0,4.6
2019-07-21,29.1,20.2,24.7,0.0,0.0,0.0
2019-07-22,23.8,17.5,20.7,5.2,0.0,5.2
2019-07-23,25.9,15.3,20.6,0.0,0.0,0.0
2019-07-24,26.2,15.7,21.0,0.0,0.0,0.0
2019-07-25,28.6,16.3,22.5,1.2,0.0,1.2
2019-07-26,29.2,17.3,23.3,0.0,0.0,0.0
2019-07-27,30.1,18.5,24.3,0.8,0.0,0.8
2019-07-28,30.9,21.8,26.4,0.0,0.0,0.0
2019-07-29,31.9,20.9,26.4,0.0,0.0,0.0
2019-07-30,29.3,19.5,24.4,11.2,0.0,11.2
2019-07-31,27.2,16.3,21.8,0.0,0.0,0.0
2019-08-01,26.0,15.6,20.8,0.0,0.0,0.0
2019-08-02,27.1,15.8,21.5,0.0,0.0,0.0
2019-08-03,28.9,16.7,22.8,0.0,0.0,0.0
2019-08-04,25.7,18.9,22.3,0.0,0.0,0.0
2019-08-05,28.8,15.8,22.3,0.0,0.0,0.0
2019-08-06,27.9,20.1,24.0,3.6,0.0,3.6
2019-08-07,27.9,17.2,22.6,0.0,0.0,0.0
2019-08-08,27.0,16.5,21.8,2.0,0.0,2.0
2019-08-09,25.9,14.3,20.1,0.0,0.0,0.0
2019-08-10,25.6,14.1,19.9,0.0,0.0,0.0
2019-08-11,28.9,14.2,21.6,0.0,0.0,0.0
2019-08-12,29.5,19.1,24.3,3.2,0.0,3.2
2019-08-13,28.1,18.8,23.5,0.0,0.0,0.0
2019-08-14,25.9,16.5,21.2,0.0,0.0,0.0
2019-08-15,23.8,15.3,19.6,1.4,0.0,1.4
2019-08-16,25.6,16.0,20.8,0.0,0.0,0.0
2019-08-17,28.3,18.1,23.2,15.8,0.0,15.8
2019-08-18,27.2,18.5,22.9,6.6,0.0,6.6
2019-08-19,27.7,18.0,22.9,0.0,0.0,0.0
2019-08-20,27.4,17.0,22.2,2.2,0.0,2.2
2019-08-21,30.4,19.4,24.9,0.6,0.0,0.6
2019-08-22,24.6,15.6,20.1,0.0,0.0,0.0
2019-08-23,23.6,13.9,18.8,0.0,0.0,0.0
2019-08-24,22.3,12.2,17.3,0.0,0.0,0.0
2019-08-25,23.6,14.2,18.9,0.0,0.0,0.0
2019-08-26,24.1,16.2,20.2,0.0,0.0,0.0
2019-08-27,21.9,18.1,20.0,9.2,0.0,9.2
2019-08-28,27.1,16.6,21.9,0.0,0.0,0.0
2019-08-29,25.5,15.1,20.3,0.0,0.0,0.0
2019-08-30,24.8,15.0,19.9,0.0,0.0,0.0
2019-08-31,23.1,12.5,17.8,0.0,0.0,0.0
2019-09-01,19.8,15.1,17.5,0.8,0.0,0.8
2019-09-02,24.7,15.9,20.3,0.6,0.0,0.6
2019-09-03,22.9,13.5,18.2,7.2,0.0,7.2
2019-09-04,21.1,12.6,16.9,0.0,0.0,0.0
2019-09-05,22.2,10.4,16.3,0.0,0.0,0.0
2019-09-06,21.1,12.4,16.8,1.2,0.0,1.2
2019-09-07,23.3,10.5,16.9,0.0,0.0,0.0
2019-09-08,18.1,9.4,13.8,0.0,0.0,0.0
2019-09-09,19.0,8.6,13.8,0.0,0.0,0.0
2019-09-10,23.5,11.7,17.6,18.2,0.0,18.2
2019-09-11,28.9,17.5,23.2,1.0,0.0,1.0
2019-09-12,19.8,13.3,16.6,0.8,0.0,0.8
2019-09-13,22.1,13.2,17.7,5.6,0.0,5.6
2019-09-14,22.6,13.4,18.0,0.0,0.0,0.0
2019-09-15,17.5,11.7,14.6,4.4,0.0,4.4
2019-09-16,18.5,12.7,15.6,0.2,0.0,0.2
2019-09-17,22.9,10.9,16.9,0.0,0.0,0.0
2019-09-18,22.6,12.5,17.6,0.0,0.0,0.0
2019-09-19,23.4,15.1,19.3,0.0,0.0,0.0
2019-09-20,24.9,12.4,18.7,0.0,0.0,0.0
2019-09-21,26.9,16.7,21.8,0.0,0.0,0.0
2019-09-22,31.3,20.8,26.1,0.0,0.0,0.0
2019-09-23,25.2,14.9,20.1,0.2,0.0,0.2
2019-09-24,21.9,12.4,17.2,0.0,0.0,0.0
2019-09-25,27.2,12.2,19.7,0.0,0.0,0.0
2019-09-26,22.8,11.0,16.9,3.2,0.0,3.2
2019-09-27,22.7,8.9,15.8,0.0,0.0,0.0
2019-09-28,20.7,12.0,16.4,3.0,0.0,3.0
2019-09-29,14.2,9.3,11.8,0.0,0.0,0.0
2019-09-30,17.9,11.9,14.9,0.0,0.0,0.0
2019-10-01,31.8,14.4,23.1,12.0,0.0,12.0
2019-10-02,19.4,9.1,14.3,10.2,0.0,10.2
2019-10-03,12.0,8.4,10.2,2.8,0.0,2.8
2019-10-04,11.5,4.4,8.0,0.0,0.0,0.0
2019-10-05,13.2,4.4,8.8,0.0,0.0,0.0
2019-10-06,20.9,12.2,16.6,1.8,0.0,1.8
2019-10-07,17.9,7.4,12.7,0.0,0.0,0.0
2019-10-08,17.6,7.0,12.3,0.0,0.0,0.0
2019-10-09,17.5,4.7,11.1,0.0,0.0,0.0
2019-10-10,16.8,7.1,12.0,0.0,0.0,0.0
2019-10-11,19.5,8.3,13.9,0.0,0.0,0.0
2019-10-12,15.6,4.3,10.0,4.2,0.0,4.2
2019-10-13,16.8,4.6,10.7,0.0,0.0,0.0
2019-10-14,12.4,4.7,8.6,0.0,0.0,0.0
2019-10-15,14.5,2.6,8.6,0.0,0.0,0.0
2019-10-16,13.7,6.3,10.0,18.2,0.0,18.2
2019-10-17,8.7,6.6,7.7,0.0,0.0,0.0
2019-10-18,11.6,3.0,7.3,0.0,0.0,0.0
2019-10-19,11.8,1.3,6.6,0.0,0.0,0.0
2019-10-20,16.3,4.8,10.6,0.0,0.0,0.0
2019-10-21,15.8,5.4,10.6,1.4,0.0,1.4
2019-10-22,17.3,8.5,12.9,10.6,0.0,10.6
2019-10-23,13.9,6.8,10.4,0.0,0.0,0.0
2019-10-24,14.4,3.8,9.1,0.6,0.0,0.6
2019-10-25,11.7,4.1,7.9,0.0,0.0,0.0
2019-10-26,10.3,1.2,5.8,9.2,0.0,9.2
2019-10-27,13.3,7.1,10.2,25.8,0.0,25.8
2019-10-28,16.2,4.6,10.4,0.0,0.0,0.0
2019-10-29,17.2,5.2,11.2,0.0,0.0,0.0
2019-10-30,9.2,6.2,7.7,20.6,0.0,20.6
2019-10-31,10.6,4.0,7.3,18.8,0.0,18.8
2019-11-01,5.0,1.6,3.3,0.0,0.0,0.0
2019-11-02,7.2,0.8,4.0,0.4,0.0,0.4
2019-11-03,6.5,0.6,3.6,0.0,0.0,0.0
2019-11-04,12.3,2.3,7.3,1.0,0.0,1.0
2019-11-05,9.2,-0.2,4.5,0.0,0.0,0.0
2019-11-06,5.2,-2.5,1.4,0.2,0.4,0.6
2019-11-07,2.6,-3.0,-0.2,1.6,2.0,3.6
2019-11-08,0.6,-5.8,-2.6,0.0,0.0,0.0
2019-11-09,3.3,-4.1,-0.4,0.0,0.0,0.0
2019-11-10,7.4,-1.2,3.1,0.4,0.2,0.6
2019-11-11,-1.0,-6.8,-3.9,0.0,13.6,12.2
2019-11-12,-4.7,-10.4,-7.6,0.0,0.2,0.2
2019-11-13,-1.7,-13.9,-7.8,0.0,2.0,1.8
2019-11-14,0.5,-2.5,-1.0,0.0,0.4,0.4
2019-11-15,3.0,-6.2,-1.6,0.0,0.0,0.0
2019-11-16,-3.4,-10.1,-6.8,0.0,0.0,0.0
2019-11-17,2.2,-6.8,-2.3,0.0,0.0,0.0
2019-11-18,2.4,-1.5,0.5,8.8,0.4,9.2
2019-11-19,3.6,1.0,2.3,0.2,0.0,0.2
2019-11-20,8.6,-1.3,3.7,0.0,0.0,0.0
2019-11-21,10.6,-1.0,4.8,4.2,0.0,4.2
2019-11-22,10.4,-2.6,3.9,0.0,0.0,0.0
2019-11-23,6.1,-2.6,1.8,0.0,0.0,0.0
2019-11-24,6.6,-3.2,1.7,0.0,0.0,0.0
2019-11-25,8.1,1.4,4.8,0.0,0.0,0.0
2019-11-26,10.9,1.9,6.4,0.0,0.0,0.0
2019-11-27,10.0,4.2,7.1,6.4,0.0,6.4
2019-11-28,6.0,-3.0,1.5,0.0,0.0,0.0
2019-11-29,-0.6,-3.6,-2.1,0.0,0.0,0.0
2019-11-30,-1.2,-4.2,-2.7,0.0,0.0,0.0
2019-12-01,-0.7,-4.2,-2.5,2.0,3.0,11.4
2019-12-02,-0.8,-7.2,-4.0,0.0,9.4,6.2
2019-12-03,1.1,-9.6,-4.3,0.0,0.6,0.6
2019-12-04,2.8,-0.3,1.3,0.0,0.0,0.0
2019-12-05,0.8,-2.5,-0.9,0.0,0.4,0.4
2019-12-06,0.2,-5.9,-2.9,0.0,5.4,5.4
2019-12-07,-1.1,-7.5,-4.3,0.0,0.0,0.0
2019-12-08,6.6,-3.2,1.7,0.0,0.0,0.0
2019-12-09,10.2,4.9,7.6,6.0,0.0,6.0
2019-12-10,10.1,-7.1,1.5,0.6,0.0,0.6
2019-12-11,-2.6,-8.7,-5.7,0.0,0.0,0.0
2019-12-12,-0.2,-9.7,-5.0,0.0,0.0,0.0
2019-12-13,5.7,-1.1,2.3,0.0,0.0,0.0
2019-12-14,2.7,0.4,1.6,18.0,2.6,20.2
2019-12-15,1.6,-6.7,-2.6,0.0,0.0,0.0
2019-12-16,1.4,-6.0,-2.3,0.0,0.0,0.0
2019-12-17,1.8,-4.2,-1.2,0.0,0.0,0.0
2019-12-18,-2.8,-15.4,-9.1,0.0,0.8,0.8
2019-12-19,-6.0,-16.7,-11.4,0.0,5.0,1.6
2019-12-20,-3.9,-10.8,-7.4,0.0,0.0,0.0
2019-12-21,1.9,-7.8,-3.0,0.0,0.0,0.0
2019-12-22,7.2,-1.1,3.1,0.0,0.0,0.0
2019-12-23,9.2,-0.3,4.5,0.0,0.0,0.0
2019-12-24,1.1,-3.9,-1.4,0.0,0.0,0.0
2019-12-25,2.8,-1.6,0.6,0.0,0.0,0.0
2019-12-26,3.7,1.0,2.4,0.0,0.0,0.0
2019-12-27,11.1,2.6,6.9,0.0,0.0,0.0
2019-12-28,4.8,1.1,3.0,0.2,0.0,0.2
2019-12-29,2.0,0.1,1.1,7.8,0.0,7.8
2019-12-30,10.2,1.0,5.6,8.0,0.0,8.0
2019-12-31,2.3,-1.5,0.4,0.0,2.0,2.0
2020-01-01,-0.2,-3.2,-1.7,0.0,0.0,0.0
2020-01-02,6.4,-0.5,3.0,0.0,0.0,0.0
2020-01-03,6.8,2.3,4.6,0.0,0.0,0.0
2020-01-04,2.5,-0.7,0.9,0.0,2.4,1.6
2020-01-05,1.3,-2.8,-0.8,0.0,3.6,3.6
2020-01-06,1.8,-5.2,-1.7,0.0,0.0,0.0
2020-01-07,4.0,-5.5,-0.8,0.0,0.0,0.0
2020-01-08,-0.7,-9.4,-5.1,0.0,2.0,2.0
2020-01-09,2.0,-11.7,-4.9,0.0,0.2,0.2
2020-01-10,7.5,1.4,4.5,1.8,0.0,1.8
2020-01-11,11.9,1.7,6.8,59.0,0.0,59.0
2020-01-12,1.7,-6.2,-2.3,16.6,1.0,17.6
2020-01-13,1.7,-5.0,-1.7,0.0,0.4,0.4
2020-01-14,2.9,-0.2,1.4,0.0,0.0,0.0
2020-01-15,4.3,0.8,2.6,0.0,0.0,0.0
2020-01-16,1.7,-11.7,-5.0,0.0,0.2,0.2
2020-01-17,-8.0,-14.9,-11.5,0.0,0.0,0.0
2020-01-18,2.5,-8.1,-2.8,0.2,17.2,14.4
2020-01-19,0.4,-11.6,-5.6,0.0,2.4,1.6
2020-01-20,-5.2,-15.6,-10.4,0.0,0.0,0.0
2020-01-21,-2.8,-8.7,-5.8,0.0,0.0,0.0
2020-01-22,0.8,-7.9,-3.6,0.0,0.0,0.0
2020-01-23,2.3,-4.6,-1.2,0.0,0.0,0.0
2020-01-24,3.7,-1.7,1.0,18.6,0.0,18.6
2020-01-25,3.6,1.5,2.6,8.6,0.0,8.6
2020-01-26,3.2,0.7,2.0,0.8,0.2,1.0
2020-01-27,1.3,-0.1,0.6,0.0,0.0,0.0
2020-01-28,1.8,-1.9,-0.1,0.0,0.0,0.0
2020-01-29,-1.9,-7.9,-4.9,0.0,0.0,0.0
2020-01-30,-1.9,-8.3,-5.1,0.0,0.0,0.0
2020-01-31,-0.2,-3.7,-2.0,0.0,0.8,0.8
2020-02-01,1.0,-4.1,-1.6,0.0,1.6,1.4
2020-02-02,2.1,-2.1,0.0,0.0,4.2,4.2
2020-02-03,5.7,0.4,3.1,0.0,0.0,0.0
2020-02-04,2.3,-4.7,-1.2,0.0,0.0,0.0
2020-02-05,-3.0,-8.2,-5.6,0.0,1.0,0.6
2020-02-06,-3.5,-5.5,-4.5,0.0,6.6,6.4
2020-02-07,-4.3,-9.2,-6.8,0.0,3.0,1.8
2020-02-08,-7.1,-14.9,-11.0,0.0,0.0,0.0
2020-02-09,0.6,-10.6,-5.0,0.0,8.4,8.4
2020-02-10,2.9,0.2,1.6,0.0,0.2,0.2
2020-02-11,2.1,-2.3,-0.1,0.0,0.0,0.0
2020-02-12,1.5,-4.6,-1.6,0.0,0.8,0.4
2020-02-13,-0.2,-17.1,-8.7,0.0,5.0,4.0
2020-02-14,-9.2,-20.6,-14.9,0.0,0.0,0.0
2020-02-15,0.3,-11.9,-5.8,0.0,0.2,0.2
2020-02-16,3.0,-2.8,0.1,0.0,0.0,0.0
2020-02-17,-0.2,-6.0,-3.1,0.0,0.0,0.0
2020-02-18,5.2,-1.4,1.9,0.2,5.6,6.8
2020-02-19,-0.8,-7.0,-3.9,0.0,0.0,0.0
2020-02-20,-4.1,-11.4,-7.8,0.0,0.0,0.0
2020-02-21,0.6,-10.5,-5.0,0.0,0.0,0.0
2020-02-22,5.7,-4.4,0.7,0.0,0.0,0.0
2020-02-23,9.3,-0.3,4.5,0.0,0.0,0.0
2020-02-24,9.3,-0.7,4.3,0.0,0.0,0.0
2020-02-25,4.5,0.3,2.4,0.8,1.4,2.2
2020-02-26,2.8,-4.3,-0.8,0.0,11.4,11.4
2020-02-27,-3.5,-6.2,-4.9,0.0,2.4,2.4
2020-02-28,-3.7,-10.7,-7.2,0.0,1.6,1.6
2020-02-29,-3.7,-14.0,-8.9,0.0,0.0,0.0
2020-03-01,2.5,-10.9,-4.2,0.0,0.0,0.0
2020-03-02,6.8,0.8,3.8,0.2,0.0,0.2
2020-03-03,4.2,0.4,2.3,8.8,0.0,8.8
2020-03-04,6.0,0.7,3.4,0.0,0.0,0.0
2020-03-05,5.9,-3.5,1.2,0.0,0.0,0.0
2020-03-06,2.3,-2.2,0.1,0.0,1.8,2.2
2020-03-07,3.9,-7.2,-1.7,0.0,0.0,0.0
2020-03-08,12.2,0.4,6.3,0.0,0.0,0.0
2020-03-09,17.2,7.8,12.5,0.0,0.0,0.0
2020-03-10,11.8,-1.5,5.2,3.6,0.0,3.6
2020-03-11,4.2,-2.5,0.9,0.0,0.0,0.0
2020-03-12,5.9,0.0,3.0,0.0,0.0,0.0
2020-03-13,8.4,1.1,4.8,2.8,0.0,2.8
2020-03-14,3.7,-1.4,1.2,0.0,0.0,0.0
2020-03-15,3.8,-4.4,-0.3,0.0,0.0,0.0
2020-03-16,4.1,-5.3,-0.6,0.0,1.0,1.0
2020-03-17,8.6,-1.2,3.7,0.0,0.0,0.0
2020-03-18,4.4,-3.0,0.7,1.0,0.0,1.0
2020-03-19,7.3,2.0,4.7,2.6,0.0,2.6
2020-03-20,18.4,-4.3,7.1,3.6,0.0,3.6
2020-03-21,0.7,-8.4,-3.9,0.0,0.0,0.0
2020-03-22,1.3,-7.8,-3.3,0.0,0.0,0.0
2020-03-23,3.8,-0.4,1.7,4.4,3.8,8.2
2020-03-24,5.5,0.7,3.1,0.0,0.0,0.0
2020-03-25,9.7,1.6,5.7,0.0,0.0,0.0
2020-03-26,13.3,1.9,7.6,0.0,0.0,0.0
2020-03-27,9.1,1.2,5.2,0.0,0.0,0.0
2020-03-28,7.8,2.8,5.3,2.4,0.0,2.4
2020-03-29,18.0,5.0,11.5,15.2,0.0,15.2
2020-03-30,8.7,4.8,6.8,2.0,0.0,2.0
2020-03-31,6.6,4.3,5.5,0.2,0.0,0.2
2020-04-01,10.2,1.0,5.6,0.0,0.0,0.0
2020-04-02,14.5,2.1,8.3,0.0,0.0,0.0
2020-04-03,11.1,2.0,6.6,0.0,0.0,0.0
2020-04-04,11.2,5.4,8.3,0.2,0.0,0.2
2020-04-05,10.9,1.3,6.1,0.0,0.0,0.0
2020-04-06,14.3,-0.4,7.0,0.0,0.0,0.0
2020-04-07,14.1,4.1,9.1,6.0,0.0,6.0
2020-04-08,13.9,5.5,9.7,1.8,0.0,1.8
2020-04-09,9.3,0.9,5.1,8.6,0.4,9.0
2020-04-10,7.6,0.1,3.9,0.0,0.0,0.0
2020-04-11,9.4,-2.1,3.7,0.0,0.0,0.0
2020-04-12,13.7,3.9,8.8,0.6,0.0,0.6
2020-04-13,14.8,2.0,8.4,12.8,0.0,12.8
2020-04-14,7.0,-3.2,1.9,0.0,0.0,0.0
2020-04-15,4.4,-4.8,-0.2,0.0,0.0,0.0
2020-04-16,4.9,-4.8,0.1,0.0,0.0,0.0
2020-04-17,6.6,-2.6,2.0,0.0,0.0,0.0
2020-04-18,11.3,-3.0,4.2,0.0,0.0,0.0
2020-04-19,13.6,-1.5,6.1,0.4,0.0,0.4
2020-04-20,6.9,-3.6,1.7,0.0,0.0,0.0
2020-04-21,8.1,-2.4,2.9,1.0,0.0,1.0
2020-04-22,6.2,-2.7,1.8,0.0,0.0,0.0
2020-04-23,6.1,-1.7,2.2,0.0,0.0,0.0
2020-04-24,10.4,3.8,7.1,0.0,0.0,0.0
2020-04-25,13.8,-0.7,6.6,0.0,0.0,0.0
2020-04-26,11.2,5.9,8.6,2.0,0.0,2.0
2020-04-27,14.3,3.4,8.9,0.0,0.0,0.0
2020-04-28,13.3,7.3,10.3,0.0,0.0,0.0
2020-04-29,14.2,7.9,11.1,1.0,0.0,1.0
2020-04-30,14.2,9.3,11.8,6.2,0.0,6.2
2020-05-01,15.7,7.0,11.4,1.2,0.0,1.2
2020-05-02,15.6,5.6,10.6,0.6,0.0,0.6
2020-05-03,21.0,6.6,13.8,0.0,0.0,0.0
2020-05-04,11.4,1.8,6.6,0.0,0.0,0.0
2020-05-05,11.4,-0.7,5.4,0.0,0.0,0.0
2020-05-06,12.8,2.6,7.7,0.0,0.0,0.0
2020-05-07,13.6,1.1,7.4,0.4,0.0,0.4
2020-05-08,4.8,-3.1,0.9,0.0,0.0,0.0
2020-05-09,6.8,-4.7,1.1,0.0,0.4,0.4
2020-05-10,8.2,-1.4,3.4,0.4,0.0,0.4
2020-05-11,7.8,-1.7,3.1,4.4,2.8,7.2
2020-05-12,8.6,-3.8,2.4,0.0,0.0,0.0
2020-05-13,12.8,-3.0,4.9,0.0,0.0,0.0
2020-05-14,13.2,5.9,9.6,3.4,0.0,3.4
2020-05-15,19.1,7.7,13.4,3.4,0.0,3.4
2020-05-16,16.9,7.5,12.2,0.0,0.0,0.0
2020-05-17,16.3,7.3,11.8,2.0,0.0,2.0
2020-05-18,15.2,11.2,13.2,10.8,0.0,10.8
2020-05-19,17.1,12.4,14.8,0.0,0.0,0.0
2020-05-20,19.2,9.6,14.4,0.0,0.0,0.0
2020-05-21,20.7,7.5,14.1,0.0,0.0,0.0
2020-05-22,23.9,9.6,16.8,0.0,0.0,0.0
2020-05-23,24.9,12.7,18.8,0.0,0.0,0.0
2020-05-24,25.9,15.2,20.6,0.4,0.0,0.4
2020-05-25,30.3,18.4,24.4,0.0,0.0,0.0
2020-05-26,31.0,16.4,23.7,0.0,0.0,0.0
2020-05-27,28.4,19.1,23.8,0.0,0.0,0.0
2020-05-28,22.8,18.1,20.5,6.6,0.0,6.6
2020-05-29,25.7,11.1,18.4,6.2,0.0,6.2
2020-05-30,18.7,8.0,13.4,0.0,0.0,0.0
2020-05-31,16.3,6.6,11.5,0.2,0.0,0.2
2020-06-01,23.7,7.9,15.8,0.0,0.0,0.0
2020-06-02,27.2,12.9,20.1,10.4,0.0,10.4
2020-06-03,27.4,13.4,20.4,5.4,0.0,5.4
2020-06-04,30.0,15.6,22.8,0.0,0.0,0.0
2020-06-05,28.3,17.0,22.7,2.6,0.0,2.6
2020-06-06,26.1,13.9,20.0,0.0,0.0,0.0
2020-06-07,20.9,11.1,16.0,0.0,0.0,0.0
2020-06-08,22.8,10.0,16.4,0.0,0.0,0.0
2020-06-09,31.6,15.6,23.6,0.0,0.0,0.0
2020-06-10,32.1,16.9,24.5,24.4,0.0,24.4
2020-06-11,24.3,15.4,19.9,0.0,0.0,0.0
2020-06-12,17.9,9.2,13.6,0.0,0.0,0.0
2020-06-13,18.7,8.0,13.4,0.0,0.0,0.0
2020-06-14,17.6,8.2,12.9,0.0,0.0,0.0
2020-06-15,21.0,8.9,15.0,0.0,0.0,0.0
2020-06-16,24.4,9.7,17.1,0.0,0.0,0.0
2020-06-17,27.5,12.6,20.1,0.0,0.0,0.0
2020-06-18,29.3,15.3,22.3,0.0,0.0,0.0
2020-06-19,29.7,17.6,23.7,0.0,0.0,0.0
2020-06-20,30.6,18.9,24.8,0.0,0.0,0.0
2020-06-21,30.8,19.1,25.0,0.0,0.0,0.0
2020-06-22,30.3,19.6,25.0,0.2,0.0,0.2
2020-06-23,25.5,17.5,21.5,4.0,0.0,4.0
2020-06-24,23.4,15.3,19.4,0.0,0.0,0.0
2020-06-25,26.9,10.9,18.9,0.0,0.0,0.0
2020-06-26,30.2,14.7,22.5,0.0,0.0,0.0
2020-06-27,29.4,19.1,24.3,2.8,0.0,2.8
2020-06-28,29.3,17.3,23.3,0.0,0.0,0.0
2020-06-29,32.1,18.8,25.5,0.0,0.0,0.0
2020-06-30,27.5,19.2,23.4,0.0,0.0,0.0
2020-07-01,29.9,18.9,24.4,0.0,0.0,0.0
2020-07-02,35.5,21.1,28.3,0.0,0.0,0.0
2020-07-03,32.4,22.3,27.4,0.0,0.0,0.0
2020-07-04,32.0,20.2,26.1,0.0,0.0,0.0
2020-07-05,34.0,18.5,26.3,0.0,0.0,0.0
2020-07-06,31.3,20.6,26.0,0.0,0.0,0.0
2020-07-07,34.0,21.6,27.8,0.0,0.0,0.0
2020-07-08,34.6,22.2,28.4,6.2,0.0,6.2
2020-07-09,34.3,22.5,28.4,0.0,0.0,0.0
2020-07-10,32.3,20.6,26.5,16.6,0.0,16.6
2020-07-11,28.4,20.1,24.3,21.0,0.0,21.0
2020-07-12,27.9,18.2,23.1,0.0,0.0,0.0
2020-07-13,25.3,18.0,21.7,1.0,0.0,1.0
2020-07-14,26.8,17.4,22.1,0.0,0.0,0.0
2020-07-15,28.2,18.4,23.3,0.0,0.0,0.0
2020-07-16,25.6,21.7,23.7,2.8,0.0,2.8
2020-07-17,31.4,20.1,25.8,0.0,0.0,0.0
2020-07-18,33.2,20.1,26.7,0.0,0.0,0.0
2020-07-19,31.2,21.9,26.6,9.0,0.0,9.0
2020-07-20,29.6,17.8,23.7,0.0,0.0,0.0
2020-07-21,26.2,15.3,20.8,0.0,0.0,0.0
2020-07-22,26.7,20.2,23.5,9.6,0.0,9.6
2020-07-23,27.6,18.4,23.0,0.0,0.0,0.0
2020-07-24,27.6,17.6,22.6,0.0,0.0,0.0
2020-07-25,30.0,17.8,23.9,0.0,0.0,0.0
2020-07-26,33.5,19.6,26.6,0.0,0.0,0.0
2020-07-27,32.7,21.8,27.3,0.8,0.0,0.8
2020-07-28,31.1,17.5,24.3,0.0,0.0,0.0
2020-07-29,30.7,19.5,25.1,0.6,0.0,0.6
2020-07-30,28.1,16.9,22.5,0.0,0.0,0.0
2020-07-31,28.8,18.1,23.5,0.0,0.0,0.0
2020-08-01,30.0,18.7,24.4,3.8,0.0,3.8
2020-08-02,28.4,19.5,24.0,37.0,0.0,37.0
2020-08-03,24.9,17.1,21.0,26.8,0.0,26.8
2020-08-04,24.6,17.7,21.2,10.4,0.0,10.4
2020-08-05,23.9,14.2,19.1,0.0,0.0,0.0
2020-08-06,23.9,13.3,18.6,0.0,0.0,0.0
2020-08-07,25.6,14.5,20.1,0.0,0.0,0.0
2020-08-08,27.1,15.9,21.5,0.0,0.0,0.0
2020-08-09,30.6,20.4,25.5,0.0,0.0,0.0
2020-08-10,32.1,21.8,27.0,0.0,0.0,0.0
2020-08-11,28.9,15.6,22.3,0.0,0.0,0.0
2020-08-12,29.8,15.1,22.5,0.0,0.0,0.0
2020-08-13,28.9,19.0,24.0,0.0,0.0,0.0
2020-08-14,28.6,20.8,24.7,0.0,0.0,0.0
2020-08-15,27.9,17.1,22.5,0.0,0.0,0.0
2020-08-16,25.8,18.5,22.2,1.0,0.0,1.0
2020-08-17,27.4,15.0,21.2,4.8,0.0,4.8
2020-08-18,25.0,14.1,19.6,0.8,0.0,0.8
2020-08-19,23.7,11.3,17.5,0.0,0.0,0.0
2020-08-20,27.6,11.0,19.3,0.0,0.0,0.0
2020-08-21,30.6,17.4,24.0,0.0,0.0,0.0
2020-08-22,31.1,18.9,25.0,0.0,0.0,0.0
2020-08-23,31.7,18.4,25.1,0.0,0.0,0.0
2020-08-24,32.7,20.4,26.6,0.0,0.0,0.0
2020-08-25,28.0,17.0,22.5,0.0,0.0,0.0
2020-08-26,21.2,14.1,17.7,4.4,0.0,4.4
2020-08-27,30.2,17.9,24.1,0.0,0.0,0.0
2020-08-28,24.0,16.7,20.4,0.2,0.0,0.2
2020-08-29,27.0,16.2,21.6,1.8,0.0,1.8
2020-08-30,23.7,13.9,18.8,0.0,0.0,0.0
2020-08-31,25.2,14.5,19.9,0.0,0.0,0.0
2020-09-01,28.1,18.6,23.4,10.4,0.0,10.4
2020-09-02,28.3,17.8,23.1,1.6,0.0,1.6
2020-09-03,28.6,14.9,21.8,2.0,0.0,2.0
2020-09-04,23.0,12.4,17.7,0.2,0.0,0.2
2020-09-05,21.1,11.5,16.3,0.0,0.0,0.0
2020-09-06,22.0,9.4,15.7,0.0,0.0,0.0
2020-09-07,25.2,15.6,20.4,5.2,0.0,5.2
2020-09-08,16.5,14.4,15.5,0.0,0.0,0.0
2020-09-09,18.5,13.6,16.1,0.0,0.0,0.0
2020-09-10,19.8,13.0,16.4,0.0,0.0,0.0
2020-09-11,17.6,11.6,14.6,0.0,0.0,0.0
2020-09-12,21.4,10.4,15.9,0.0,0.0,0.0
2020-09-13,26.1,13.8,20.0,3.8,0.0,3.8
2020-09-14,17.5,6.7,12.1,0.0,0.0,0.0
2020-09-15,19.8,5.0,12.4,0.0,0.0,0.0
2020-09-16,25.4,14.1,19.8,0.0,0.0,0.0
2020-09-17,19.2,7.5,13.4,0.0,0.0,0.0
2020-09-18,15.9,5.3,10.6,0.0,0.0,0.0
2020-09-19,14.4,3.1,8.8,0.0,0.0,0.0
2020-09-20,16.8,9.1,13.0,0.0,0.0,0.0
2020-09-21,19.5,4.1,11.8,0.0,0.0,0.0
2020-09-22,21.5,6.7,14.1,0.0,0.0,0.0
2020-09-23,27.6,12.2,19.9,0.0,0.0,0.0
2020-09-24,25.1,11.8,18.5,2.0,0.0,2.0
2020-09-25,24.4,14.1,19.3,0.0,0.0,0.0
2020-09-26,25.9,12.0,19.0,0.0,0.0,0.0
2020-09-27,27.2,19.6,23.4,0.0,0.0,0.0
2020-09-28,26.7,14.7,20.7,8.4,0.0,8.4
2020-09-29,19.0,12.8,15.9,2.2,0.0,2.2
2020-09-30,19.0,10.1,14.6,5.0,0.0,5.0
2020-10-01,17.9,8.3,13.1,0.0,0.0,0.0
2020-10-02,15.5,5.5,10.5,0.0,0.0,0.0
2020-10-03,13.0,3.3,8.2,4.0,0.0,4.0
2020-10-04,11.4,5.7,8.6,3.2,0.0,3.2
2020-10-05,15.1,7.2,11.2,0.0,0.0,0.0
2020-10-06,19.5,7.8,13.7,0.0,0.0,0.0
2020-10-07,18.5,9.2,13.9,2.6,0.0,2.6
2020-10-08,16.5,5.3,10.9,0.8,0.0,0.8
2020-10-09,18.3,2.8,10.6,0.0,0.0,0.0
2020-10-10,22.1,7.8,15.0,0.4,0.0,0.4
2020-10-11,11.7,5.4,8.6,0.0,0.0,0.0
2020-10-12,16.4,7.6,12.0,0.2,0.0,0.2
2020-10-13,18.0,10.1,14.1,7.8,0.0,7.8
2020-10-14,17.4,6.3,11.9,0.0,0.0,0.0
2020-10-15,17.2,6.9,12.1,11.6,0.0,11.6
2020-10-16,12.2,2.6,7.4,0.0,0.0,0.0
2020-10-17,13.5,2.6,8.1,0.0,0.0,0.0
2020-10-18,14.2,6.3,10.3,2.0,0.0,2.0
2020-10-19,8.1,5.9,7.0,8.6,0.0,8.6
2020-10-20,11.5,6.0,8.8,1.2,0.0,1.2
2020-10-21,17.2,7.1,12.2,5.0,0.0,5.0
2020-10-22,12.3,8.5,10.4,2.0,0.0,2.0
2020-10-23,24.7,8.2,16.5,2.6,0.0,2.6
2020-10-24,8.4,2.6,5.5,0.0,0.0,0.0
2020-10-25,6.4,1.8,4.1,0.0,0.0,0.0
2020-10-26,8.1,2.4,5.3,1.6,0.0,1.6
2020-10-27,7.3,1.5,4.4,5.2,0.0,5.2
2020-10-28,11.8,2.4,7.1,0.0,0.0,0.0
2020-10-29,10.8,2.1,6.5,1.6,0.0,1.6
2020-10-30,2.3,-4.3,-1.0,0.0,0.0,0.0
2020-10-31,6.7,-5.4,0.7,0.0,0.0,0.0
2020-11-01,11.2,0.0,5.6,2.2,1.0,3.6
2020-11-02,7.2,-2.1,2.6,0.0,0.0,0.0
2020-11-03,7.1,3.8,5.5,0.0,0.0,0.0
2020-11-04,19.6,1.8,10.7,0.0,0.0,0.0
2020-11-05,19.2,11.4,15.3,0.0,0.0,0.0
2020-11-06,20.8,9.1,15.0,0.0,0.0,0.0
2020-11-07,21.0,9.4,15.2,0.0,0.0,0.0
2020-11-08,20.1,6.2,13.2,0.0,0.0,0.0
2020-11-09,19.5,6.9,13.2,0.0,0.0,0.0
2020-11-10,24.3,7.8,16.1,0.0,0.0,0.0
2020-11-11,18.2,5.5,11.9,0.6,0.0,0.6
2020-11-12,9.8,3.7,6.8,0.0,0.0,0.0
2020-11-13,9.0,3.3,6.2,0.0,0.0,0.0
2020-11-14,7.6,0.1,3.9,0.0,0.0,0.0
2020-11-15,13.2,3.1,8.2,10.4,0.0,10.4
2020-11-16,4.1,1.1,2.6,0.2,0.0,0.2
2020-11-17,3.0,-5.4,-1.2,0.0,0.6,0.6
2020-11-18,1.5,-6.2,-2.4,0.0,0.0,0.0
2020-11-19,15.0,1.5,8.3,0.0,0.0,0.0
2020-11-20,17.8,6.1,12.0,0.0,0.0,0.0
2020-11-21,6.0,0.3,3.2,0.0,0.0,0.0
2020-11-22,1.9,-1.0,0.5,0.0,19.4,19.4
2020-11-23,3.5,-4.2,-0.4,0.0,0.0,0.0
2020-11-24,2.1,-1.7,0.2,0.0,1.0,1.0
2020-11-25,8.3,1.3,4.8,6.8,0.0,6.8
2020-11-26,11.9,6.6,9.3,1.2,0.0,1.2
2020-11-27,7.8,4.9,6.4,0.0,0.0,0.0
2020-11-28,7.0,1.8,4.4,0.0,0.0,0.0
2020-11-29,10.8,0.7,5.8,0.0,0.0,0.0
2020-11-30,5.5,-0.9,2.3,20.6,1.4,22.0
2020-12-01,-0.1,-2.2,-1.2,0.0,9.8,8.4
2020-12-02,3.8,-1.4,1.2,,,1.0
2020-12-03,4.1,-1.5,1.3,,,0.0
2020-12-04,3.4,-0.2,1.6,,,3.6
2020-12-05,1.7,-4.5,-1.4,,,0.0
2020-12-06,0.7,-6.3,-2.8,,,0.0
2020-12-07,1.0,-6.3,-2.7,,,0.0
2020-12-08,1.9,-6.7,-2.4,,,0.0
2020-12-09,4.4,0.1,2.3,0.2,4.2,4.0
2020-12-10,5.9,0.9,3.4,0.0,0.0,0.0
2020-12-11,9.4,0.8,5.1,0.0,0.0,0.0
2020-12-12,9.1,3.4,6.3,8.0,0.0,8.0
2020-12-13,5.1,-0.6,2.3,0.0,0.0,0.0
2020-12-14,1.7,-2.5,-0.4,0.0,0.0,0.0
2020-12-15,-2.4,-7.7,-5.1,0.0,0.2,0.2
2020-12-16,-5.6,-8.7,-7.2,0.0,1.4,1.4
2020-12-17,-2.7,-8.0,-5.4,0.0,0.6,0.6
2020-12-18,-1.3,-9.7,-5.5,0.0,0.0,0.0
2020-12-19,2.5,-2.0,0.3,0.4,1.8,2.2
2020-12-20,5.0,-0.4,2.3,1.2,0.0,1.2
2020-12-21,4.3,-1.3,1.5,0.2,0.0,0.2
2020-12-22,2.7,-0.8,1.0,0.0,0.0,0.0
2020-12-23,6.3,0.5,3.4,1.8,0.0,1.8
2020-12-24,9.6,-2.8,3.4,6.8,4.4,12.4
2020-12-25,-0.4,-5.4,-2.9,0.0,8.6,8.0
2020-12-26,-2.5,-5.5,-4.0,0.0,1.6,1.6
2020-12-27,2.5,-3.7,-0.6,0.8,0.2,1.0
2020-12-28,4.4,-3.6,0.4,5.0,0.2,5.2
2020-12-29,-1.2,-5.6,-3.4,0.0,0.0,0.0
2020-12-30,5.1,-3.7,0.7,1.6,1.6,3.2
2020-12-31,1.5,-3.0,-0.8,0.0,0.0,0.0
2021-01-01,1.6,-4.1,-1.3,5.4,3.0,8.0
2021-01-02,1.2,-2.5,-0.7,3.8,4.0,6.8
2021-01-03,1.1,-0.8,0.2,0.0,1.4,1.6
2021-01-04,1.1,-0.8,0.2,0.0,0.0,0.0
2021-01-05,1.0,-0.1,0.5,0.0,0.2,0.2
2021-01-06,2.0,-1.2,0.4,0.0,0.2,0.2
2021-01-07,-0.6,-7.1,-3.9,0.0,0.0,0.0
2021-01-08,-3.5,-9.3,-6.4,0.0,0.0,0.0
2021-01-09,3.3,-4.3,-0.5,0.0,0.0,0.0
2021-01-10,1.9,-5.6,-1.9,0.0,0.0,0.0
2021-01-11,0.2,-6.1,-3.0,0.0,0.0,0.0
2021-01-12,-1.2,-2.1,-1.7,0.0,0.0,0.0
2021-01-13,3.1,-1.4,0.9,0.0,0.0,0.0
2021-01-14,4.6,-0.8,1.9,0.0,0.0,0.0
2021-01-15,5.6,1.2,3.4,5.0,0.0,5.0
2021-01-16,4.7,-2.6,1.1,0.0,0.0,0.0
2021-01-17,4.2,-2.7,0.8,0.0,0.6,0.6
2021-01-18,0.9,-4.6,-1.9,0.0,0.0,0.0
2021-01-19,,,,0.0,0.6,0.6
2021-01-20,-2.2,-7.7,-5.0,0.0,0.0,0.0
2021-01-21,3.1,-1.8,0.7,0.0,0.2,0.2
2021-01-22,1.0,-7.8,-3.4,0.0,0.4,0.4
2021-01-23,-4.8,-12.6,-8.7,0.0,0.0,0.0
2021-01-24,-2.7,-7.2,-5.0,0.0,0.0,0.0
2021-01-25,1.9,-3.7,-0.9,0.0,0.0,0.0
2021-01-26,-0.5,-4.6,-2.6,0.2,9.2,7.4
2021-01-27,-3.3,-10.2,-6.8,0.0,0.0,0.0
2021-01-28,-7.8,-13.8,-10.8,0.0,0.0,0.0
2021-01-29,-7.1,-14.6,-10.9,0.0,0.2,0.2
2021-01-30,-2.2,-13.8,-8.0,0.0,0.0,0.0
2021-01-31,-5.2,-10.6,-7.9,0.0,0.0,0.0
2021-02-01,-3.7,-11.3,-7.5,0.0,0.0,0.0
2021-02-02,-0.9,-9.6,-5.3,0.0,0.0,0.0
2021-02-03,0.6,-6.3,-2.9,0.0,0.0,0.0
2021-02-04,4.3,-7.2,-1.5,0.0,1.4,1.4
2021-02-05,1.7,-8.0,-3.2,2.8,2.4,5.2
2021-02-06,-6.0,-9.4,-7.7,0.0,0.0,0.0
2021-02-07,-6.2,-13.3,-9.8,0.0,0.6,0.6
2021-02-08,-6.5,-13.4,-10.0,0.0,0.4,0.2
2021-02-09,-2.7,-11.4,-7.1,0.0,1.2,1.0
2021-02-10,-5.3,-13.2,-9.3,0.0,0.0,0.0
2021-02-11,-4.7,-11.2,-8.0,0.0,0.0,0.0
2021-02-12,-8.3,-14.2,-11.3,0.0,2.2,1.8
2021-02-13,-9.1,-13.9,-11.5,0.0,4.8,2.2
2021-02-14,-4.0,-14.8,-9.4,0.0,0.4,0.4
2021-02-15,-4.2,-9.7,-7.0,0.0,3.2,3.2
2021-02-16,-7.0,-15.3,-11.2,0.0,8.8,8.8
2021-02-17,,,,,,
2021-02-18,,,,,,
2021-02-19,-2.5,-7.2,-4.9,0.0,7.8,7.8
2021-02-20,-1.8,-11.4,-6.6,0.0,0.4,0.4
2021-02-21,-1.5,-12.4,-7.0,0.0,0.0,0.0
2021-02-22,2.8,-1.7,0.6,0.6,5.4,4.8
2021-02-23,4.3,-0.7,1.8,0.0,0.2,0.2
2021-02-24,8.4,-0.6,3.9,0.0,0.0,0.0
2021-02-25,0.9,-3.7,-1.4,0.0,0.0,0.0
2021-02-26,3.8,-6.9,-1.6,0.0,0.0,0.0
2021-02-27,5.8,-0.7,2.6,6.2,0.0,6.2
2021-02-28,6.5,-1.7,2.4,1.0,0.0,1.0
2021-03-01,5.4,-9.8,-2.2,0.0,0.0,0.0
2021-03-02,0.2,-13.6,-6.7,0.0,0.0,0.0
2021-03-03,7.2,-2.8,2.2,0.0,0.0,0.0
2021-03-04,0.8,-8.0,-3.6,0.0,0.0,0.0
2021-03-05,1.6,-10.3,-4.4,0.0,0.0,0.0
2021-03-06,-0.2,-9.2,-4.7,0.0,0.0,0.0
2021-03-07,-0.4,-10.3,-5.4,0.0,0.0,0.0
2021-03-08,9.6,-9.2,0.2,0.0,0.2,0.2
2021-03-09,10.6,-2.3,4.2,0.0,0.0,0.0
2021-03-10,15.3,-2.3,6.5,0.0,0.0,0.0
2021-03-11,19.3,5.5,12.4,2.0,0.0,2.0
2021-03-12,11.3,-4.8,3.3,0.0,0.0,0.0
2021-03-13,5.6,-7.0,-0.7,0.0,0.0,0.0
2021-03-14,3.5,-6.1,-1.3,0.0,0.0,0.0
2021-03-15,-1.0,-9.0,-5.0,0.0,0.0,0.0
2021-03-16,3.5,-1.9,0.8,0.0,0.0,0.0
2021-03-17,9.0,1.2,5.1,0.0,0.0,0.0
2021-03-18,6.8,-2.3,2.3,0.4,0.0,0.4
2021-03-19,3.7,-5.3,-0.8,0.0,0.0,0.0
2021-03-20,14.9,-2.4,6.3,0.0,0.0,0.0
2021-03-21,14.9,-2.0,6.5,0.0,0.0,0.0
2021-03-22,16.1,-1.0,7.6,0.0,0.0,0.0
2021-03-23,15.5,0.8,8.2,0.0,0.0,0.0
2021-03-24,17.6,6.6,12.1,0.8,0.0,0.8
2021-03-25,21.5,7.5,14.5,1.0,0.0,1.0
2021-03-26,10.5,3.3,6.9,34.6,0.0,34.6
2021-03-27,8.2,3.3,5.8,0.2,0.0,0.2
2021-03-28,10.1,2.3,6.2,6.2,0.0,6.2
2021-03-29,7.1,-0.7,3.2,0.0,0.0,0.0
2021-03-30,20.3,0.5,10.4,0.0,0.0,0.0
2021-03-31,14.7,0.1,7.4,0.0,0.0,0.0
2021-04-01,2.6,-2.9,-0.2,0.0,0.0,0.0
2021-04-02,4.7,-4.2,0.3,0.0,0.0,0.0
2021-04-03,9.5,-5.1,2.2,0.0,0.0,0.0
2021-04-04,15.1,-1.5,6.8,0.0,0.0,0.0
2021-04-05,13.5,2.0,7.8,0.0,0.0,0.0
2021-04-06,14.1,1.8,8.0,0.0,0.0,0.0
2021-04-07,17.4,4.8,11.1,0.0,0.0,0.0
2021-04-08,20.6,8.5,14.6,0.0,0.0,0.0
2021-04-09,19.5,11.6,15.6,0.2,0.0,0.2
2021-04-10,20.4,10.3,15.4,0.2,0.0,0.2
2021-04-11,16.7,10.2,13.5,13.4,0.0,13.4
2021-04-12,11.2,7.2,9.2,6.2,0.0,6.2
2021-04-13,14.5,5.9,10.2,0.0,0.0,0.0
2021-04-14,15.8,4.7,10.3,0.6,0.0,0.6
2021-04-15,8.0,4.5,6.3,1.8,0.0,1.8
2021-04-16,10.7,4.0,7.4,0.4,0.0,0.4
2021-04-17,11.9,3.2,7.6,0.2,0.0,0.2
2021-04-18,15.1,2.8,9.0,0.6,0.0,0.6
2021-04-19,17.2,1.6,9.4,1.6,0.0,1.6
2021-04-20,4.9,-0.8,2.1,0.0,0.8,0.8
2021-04-21,4.6,-2.5,1.1,0.0,3.4,3.4
2021-04-22,5.4,-2.7,1.4,0.0,0.2,0.2
2021-04-23,19.4,-1.8,8.8,0.0,0.0,0.0
2021-04-24,17.1,6.2,11.7,0.0,0.0,0.0
2021-04-25,11.4,1.0,6.2,1.0,0.0,1.0
2021-04-26,9.4,-0.9,4.3,1.2,0.0,1.2
2021-08-25,31.9,22.6,27.3,0.0,0.0,0.0
2021-04-27,13.4,4.7,9.1,3.6,0.0,3.6
2021-04-28,17.3,8.2,12.8,6.6,0.0,6.6
2021-04-29,10.8,7.8,9.3,13.8,0.0,13.8
2021-04-30,9.1,3.5,6.3,0.0,0.0,0.0
2021-05-01,13.8,1.2,7.5,0.0,0.0,0.0
2021-05-02,17.4,6.5,12.0,0.0,0.0,0.0
2021-05-03,12.8,8.1,10.5,2.4,0.0,2.4
2021-05-04,11.9,7.8,9.9,3.4,0.0,3.4
2021-05-05,12.1,4.4,8.3,1.2,0.0,1.2
2021-05-06,14.4,2.2,8.3,0.0,0.0,0.0
2021-05-07,10.1,1.6,5.9,0.0,0.0,0.0
2021-05-08,15.4,2.4,8.9,0.0,0.0,0.0
2021-05-09,12.0,1.4,6.7,0.0,0.0,0.0
2021-05-10,13.7,1.6,7.7,0.0,0.0,0.0
2021-05-11,10.7,0.4,5.6,0.0,0.0,0.0
2021-05-12,17.9,4.4,11.2,0.0,0.0,0.0
2021-05-13,20.3,6.5,13.4,0.0,0.0,0.0
2021-05-14,21.2,6.5,13.9,0.0,0.0,0.0
2021-05-15,21.8,6.6,14.2,0.0,0.0,0.0
2021-05-16,22.6,8.5,15.6,0.0,0.0,0.0
2021-05-17,23.7,8.4,16.1,0.0,0.0,0.0
2021-05-18,27.9,12.4,20.2,0.0,0.0,0.0
2021-05-19,28.0,12.3,20.2,0.0,0.0,0.0
2021-05-20,29.9,16.4,23.2,0.0,0.0,0.0
2021-05-21,31.7,15.7,23.7,0.0,0.0,0.0
2021-05-22,27.6,19.4,23.5,0.0,0.0,0.0
2021-05-23,25.0,14.3,19.7,0.0,0.0,0.0
2021-05-24,21.0,12.5,16.8,0.0,0.0,0.0
2021-05-25,33.3,13.5,23.4,0.0,0.0,0.0
2021-05-26,25.4,10.0,17.7,0.6,0.0,0.6
2021-05-27,18.7,8.1,13.4,0.0,0.0,0.0
2021-05-28,9.9,2.0,6.0,14.0,0.2,14.2
2021-05-29,15.8,3.8,9.8,0.0,0.0,0.0
2021-05-30,19.1,6.2,12.7,0.0,0.0,0.0
2021-05-31,24.4,7.0,15.7,0.0,0.0,0.0
2021-06-01,25.7,14.4,20.1,0.0,0.0,0.0
2021-06-02,25.3,12.8,19.1,4.4,0.0,4.4
2021-06-03,22.2,14.8,18.5,2.6,0.0,2.6
2021-06-04,28.2,15.7,22.0,0.0,0.0,0.0
2021-06-05,32.5,19.6,26.1,0.0,0.0,0.0
2021-06-06,33.8,19.6,26.7,0.0,0.0,0.0
2021-06-07,31.8,19.6,25.7,0.0,0.0,0.0
2021-06-08,26.5,20.9,23.7,10.2,0.0,10.2
2021-06-09,29.4,19.5,24.5,0.0,0.0,0.0
2021-06-10,25.3,17.6,21.5,0.0,0.0,0.0
2021-06-11,25.3,17.3,21.3,0.0,0.0,0.0
2021-06-12,25.4,17.2,21.3,0.0,0.0,0.0
2021-06-13,29.1,16.7,22.9,0.0,0.0,0.0
2021-06-14,25.0,15.6,20.3,2.8,0.0,2.8
2021-06-15,22.5,12.9,17.7,0.0,0.0,0.0
2021-06-16,22.3,10.5,16.4,0.0,0.0,0.0
2021-06-17,26.3,9.2,17.8,0.0,0.0,0.0
2021-06-18,24.9,18.0,21.5,5.4,0.0,5.4
2021-06-19,30.9,15.4,23.2,0.0,0.0,0.0
2021-06-20,27.1,14.0,20.6,0.2,0.0,0.2
2021-06-21,29.7,11.6,20.7,5.8,0.0,5.8
2021-06-22,19.5,10.0,14.8,0.0,0.0,0.0
2021-06-23,23.7,8.8,16.3,0.0,0.0,0.0
2021-06-24,28.1,15.9,22.0,0.0,0.0,0.0
2021-06-25,25.8,18.8,22.3,16.4,0.0,16.4
2021-06-26,27.5,19.0,23.3,5.6,0.0,5.6
2021-06-27,31.3,23.7,27.5,0.0,0.0,0.0
2021-06-28,32.2,21.7,27.0,3.0,0.0,3.0
2021-06-29,32.5,21.1,26.8,23.2,0.0,23.2
2021-06-30,28.0,18.8,23.4,0.4,0.0,0.4
2021-07-01,26.3,16.3,21.3,0.0,0.0,0.0
2021-07-02,24.7,15.7,20.2,24.4,0.0,24.4
2021-07-03,25.7,13.9,19.8,0.0,0.0,0.0
2021-07-04,25.0,16.2,20.6,0.0,0.0,0.0
2021-07-05,32.3,18.7,25.5,0.0,0.0,0.0
2021-07-06,32.3,22.6,27.5,0.0,0.0,0.0
2021-07-07,24.4,16.3,20.4,9.8,0.0,9.8
2021-07-08,18.7,15.1,16.9,29.0,0.0,29.0
2021-07-09,19.5,15.8,17.7,0.0,0.0,0.0
2021-07-10,23.6,13.0,18.3,0.0,0.0,0.0
2021-07-11,21.1,16.1,18.6,1.4,0.0,1.4
2021-07-12,25.0,18.7,21.9,0.0,0.0,0.0
2021-07-13,26.9,19.7,23.3,8.8,0.0,8.8
2021-07-14,29.5,19.3,24.4,0.0,0.0,0.0
2021-07-15,30.0,19.7,24.9,6.4,0.0,6.4
2021-07-16,24.6,18.6,21.6,0.0,0.0,0.0
2021-07-17,22.0,18.8,20.4,3.4,0.0,3.4
2021-07-18,29.4,18.1,23.8,0.0,0.0,0.0
2021-07-19,29.2,19.1,24.2,0.0,0.0,0.0
2021-07-20,,,,,0.0,
2021-07-21,24.8,14.9,19.9,0.0,0.0,0.0
2021-07-22,26.1,13.5,19.8,0.0,0.0,0.0
2021-07-23,26.1,14.7,20.4,0.0,0.0,0.0
2021-07-24,22.8,18.1,20.5,19.2,0.0,19.2
2021-07-25,30.0,18.4,24.2,0.0,0.0,0.0
2021-07-26,30.4,16.6,23.5,0.0,0.0,0.0
2021-07-27,26.1,16.6,21.4,5.6,0.0,5.6
2021-07-28,24.0,17.0,20.5,0.0,0.0,0.0
2021-07-29,27.2,18.4,22.8,11.4,0.0,11.4
2021-07-30,20.1,13.2,16.7,0.0,0.0,0.0
2021-07-31,21.5,11.0,16.3,1.0,0.0,1.0
2021-08-01,,,,,0.0,
2021-08-02,24.9,13.1,19.0,0.0,0.0,0.0
2021-08-03,27.3,13.6,20.5,0.0,0.0,0.0
2021-08-04,27.4,15.6,21.5,0.0,0.0,0.0
2021-08-05,27.8,14.8,21.3,0.0,0.0,0.0
2021-08-06,29.3,17.9,23.6,0.0,0.0,0.0
2021-08-07,27.9,19.5,23.7,20.4,0.0,20.4
2021-08-08,28.0,18.7,23.4,0.6,0.0,0.6
2021-08-09,30.9,22.0,26.5,0.0,0.0,0.0
2021-08-10,28.3,23.4,25.9,1.0,0.0,1.0
2021-08-11,32.0,22.3,27.2,0.4,0.0,0.4
2021-08-12,30.1,21.8,26.0,1.2,0.0,1.2
2021-08-13,30.1,19.6,24.9,0.0,0.0,0.0
2021-08-14,25.5,15.1,20.3,0.0,0.0,0.0
2021-08-15,23.5,13.2,18.4,0.0,0.0,0.0
2021-08-16,25.0,14.6,19.8,0.0,0.0,0.0
2021-08-17,27.4,20.9,24.2,0.0,0.0,0.0
2021-08-18,27.9,20.2,24.1,0.6,0.0,0.6
2021-08-19,31.4,20.3,25.9,0.0,0.0,0.0
2021-08-20,30.6,18.8,24.7,0.0,0.0,0.0
2021-08-21,29.9,22.5,26.2,0.0,0.0,0.0
2021-08-22,31.5,20.0,25.8,0.0,0.0,0.0
2021-08-23,32.3,21.2,26.8,0.0,0.0,0.0
2021-08-24,33.7,19.2,26.5,0.0,0.0,0.0
2021-08-26,32.7,21.4,27.1,6.4,0.0,6.4
2021-08-27,26.6,20.1,23.4,0.0,0.0,0.0
2021-08-28,27.8,19.0,23.4,23.6,0.0,23.6
2021-08-29,31.5,21.6,26.6,3.2,0.0,3.2
2021-08-30,29.1,17.6,23.4,0.0,0.0,0.0
2021-08-31,25.6,16.6,21.1,0.0,0.0,0.0
2021-09-01,24.2,15.5,19.9,0.0,0.0,0.0
2021-09-02,21.5,12.3,16.9,0.0,0.0,0.0
2021-09-03,23.7,12.2,18.0,0.0,0.0,0.0
2021-09-04,24.3,14.1,19.2,4.8,0.0,4.8
2021-09-05,26.2,15.4,20.8,2.2,0.0,2.2
2021-09-06,23.4,13.5,18.5,3.8,0.0,3.8
2021-09-07,26.0,12.5,19.3,28.2,0.0,28.2
2021-09-08,25.6,14.4,20.0,19.6,0.0,19.6
2021-09-09,21.5,12.9,17.2,0.0,0.0,0.0
2021-09-10,23.8,12.0,17.9,0.0,0.0,0.0
2021-09-11,26.1,12.8,19.5,0.0,0.0,0.0
2021-09-12,23.7,15.9,19.8,3.0,0.0,3.0
2021-09-13,23.7,12.1,17.9,0.0,0.0,0.0
2021-09-14,27.9,16.0,22.0,25.2,0.0,25.2
2021-09-15,21.9,15.2,18.6,0.0,0.0,0.0
2021-09-16,22.6,13.4,18.0,0.0,0.0,0.0
2021-09-17,26.0,13.6,19.8,0.0,0.0,0.0
2021-09-18,23.5,12.4,18.0,0.0,0.0,0.0
2021-09-19,20.9,10.4,15.7,0.0,0.0,0.0
2021-09-20,23.3,10.2,16.8,0.0,0.0,0.0
2021-09-21,25.3,19.1,22.2,4.8,0.0,4.8
2021-09-22,19.4,12.1,15.8,56.0,0.0,56.0
2021-09-23,19.3,12.0,15.7,1.8,0.0,1.8
2021-09-24,16.8,10.7,13.8,0.0,0.0,0.0
2021-09-25,21.0,8.6,14.8,4.6,0.0,4.6
2021-09-26,20.5,6.9,13.7,3.0,0.0,3.0
2021-09-27,24.3,14.2,19.3,1.0,0.0,1.0
2021-09-28,16.9,9.0,13.0,0.0,0.0,0.0
2021-09-29,20.5,8.8,14.7,0.0,0.0,0.0
2021-09-30,15.4,9.5,12.5,0.0,0.0,0.0
2021-10-01,20.9,7.0,14.0,0.0,0.0,0.0
2021-10-02,25.6,13.1,19.4,0.2,0.0,0.2
2021-10-03,19.9,15.5,17.7,20.6,0.0,20.6
2021-10-04,16.0,14.4,15.2,3.4,0.0,3.4
2021-10-05,18.0,14.4,16.2,0.0,0.0,0.0
2021-10-06,18.4,14.1,16.3,0.0,0.0,0.0
2021-10-07,19.9,14.9,17.4,0.0,0.0,0.0
2021-10-08,20.4,14.5,17.5,0.0,0.0,0.0
2021-10-09,20.2,16.8,18.5,11.0,0.0,11.0
2021-10-10,20.8,16.4,18.6,0.8,0.0,0.8
2021-10-11,22.3,16.7,19.5,0.0,0.0,0.0
2021-10-12,22.3,16.5,19.4,0.0,0.0,0.0
2021-10-13,21.7,14.6,18.2,0.0,0.0,0.0
2021-10-14,21.8,12.9,17.4,1.8,0.0,1.8
2021-10-15,19.4,14.3,16.9,8.4,0.0,8.4
2021-10-16,15.1,8.0,11.6,2.8,0.0,2.8
2021-10-17,15.1,7.0,11.1,0.0,0.0,0.0
2021-10-18,14.2,4.1,9.2,1.4,0.0,1.4
2021-10-19,21.1,4.1,12.6,0.0,0.0,0.0
2021-10-20,19.5,10.1,14.8,0.4,0.0,0.4
2021-10-21,17.5,8.3,12.9,3.0,0.0,3.0
2021-10-22,9.3,4.3,6.8,0.0,0.0,0.0
2021-10-23,9.6,2.8,6.2,0.0,0.0,0.0
2021-10-24,13.3,2.3,7.8,2.0,0.0,2.0
2021-10-25,8.8,4.7,6.8,18.2,0.0,18.2
2021-10-26,7.8,4.7,6.3,8.4,0.0,8.4
2021-10-27,16.1,7.2,11.7,0.0,0.0,0.0
2021-10-28,10.1,5.1,7.6,0.0,0.0,0.0
2021-10-29,13.5,8.5,11.0,10.2,0.0,10.2
2021-10-30,9.6,8.0,8.8,9.0,0.0,9.0
2021-10-31,15.1,6.8,11.0,0.2,0.0,0.2
2021-11-01,10.4,3.0,6.7,0.0,0.0,0.0
2021-11-02,8.9,0.1,4.5,0.0,0.0,0.0
2021-11-03,7.6,-1.6,3.0,0.0,0.0,0.0
2021-11-04,8.5,-1.0,3.8,0.0,0.0,0.0
2021-11-05,10.2,-3.2,3.5,0.0,0.0,0.0
2021-11-06,11.6,0.2,5.9,0.0,0.0,0.0
2021-11-07,16.4,2.1,9.3,0.0,0.0,0.0
2021-11-08,19.1,3.3,11.2,0.0,0.0,0.0
2021-11-09,14.0,6.8,10.4,2.6,0.0,2.6
2021-11-10,13.0,1.5,7.3,0.0,0.0,0.0
2021-11-11,13.5,6.1,9.8,0.6,0.0,0.6
2021-11-12,12.4,4.5,8.5,0.4,0.0,0.4
2021-11-13,7.6,2.5,5.1,0.0,0.0,0.0
2021-11-14,4.8,1.0,2.9,6.8,1.4,8.2
2021-11-15,5.8,-0.2,2.8,0.2,0.2,0.4
2021-11-16,5.9,-0.9,2.5,0.0,0.0,0.0
2021-11-17,16.9,2.3,9.6,0.6,0.0,0.6
2021-11-18,15.1,1.1,8.1,0.2,0.0,0.2
2021-11-19,6.1,-0.6,2.8,0.0,0.0,0.0
2021-11-20,5.9,0.3,3.1,0.0,0.0,0.0
2021-11-21,8.0,1.1,4.6,5.0,0.0,5.0
2021-11-22,3.8,-2.9,0.5,0.0,0.0,0.0
2021-11-23,3.9,-4.4,-0.3,0.0,0.0,0.0
2021-11-24,8.7,-2.8,3.0,0.6,0.0,0.6
2021-11-25,7.5,3.6,5.6,5.8,0.0,5.8
2021-11-26,3.6,-2.4,0.6,0.0,0.0,0.0
2021-11-27,1.4,-3.4,-1.0,0.0,0.2,0.2
2021-11-28,-1.0,-3.9,-2.5,0.0,11.0,11.0
2021-11-29,0.4,-8.1,-3.9,0.0,0.4,0.4
2021-11-30,2.8,-5.0,-1.1,0.4,1.8,2.2
2021-12-01,5.0,-0.8,2.1,0.0,0.0,0.0
2021-12-02,10.5,1.3,5.9,1.0,0.0,1.0
2021-12-03,1.5,-0.6,0.5,0.0,0.0,0.0
2021-12-04,5.2,-0.7,2.3,0.0,0.0,0.0
2021-12-05,4.1,-3.8,0.2,15.6,2.4,17.6
2021-12-06,11.2,-2.4,4.4,1.4,0.6,2.0
2021-12-07,-1.6,-7.2,-4.4,0.0,0.2,0.2
2021-12-08,-1.0,-6.6,-3.8,0.0,2.6,2.2
2021-12-09,,,,0.0,1.8,1.8
2021-12-10,5.6,0.8,3.2,0.0,0.0,0.0
2021-12-11,17.9,1.1,9.5,21.6,0.0,21.6
2021-12-12,6.9,-0.7,3.1,0.0,0.0,0.0
2021-12-13,9.3,2.4,5.9,0.0,0.0,0.0
2021-12-14,6.8,0.7,3.8,0.0,0.0,0.0
2021-12-15,12.9,3.6,8.3,0.6,0.0,0.6
2021-12-16,17.1,3.6,10.4,0.0,0.0,0.0
2021-12-17,5.2,-0.4,2.4,0.0,0.0,0.0
2021-12-18,0.3,-3.4,-1.6,0.0,9.0,8.2
2021-12-19,,,,0.0,0.0,0.0
2021-12-20,,,,0.0,0.0,0.0
2021-12-21,3.4,-1.2,1.1,0.0,0.0,0.0
2021-12-22,3.5,-4.1,-0.3,0.0,0.6,0.6
2021-12-23,-0.5,-6.6,-3.6,0.0,5.4,4.4
2021-12-24,2.8,-0.6,1.1,0.0,0.4,0.2
2021-12-25,7.0,2.3,4.7,3.6,0.0,3.6
2021-12-26,3.2,-5.5,-1.2,0.0,0.0,0.0
2021-12-27,0.1,-6.2,-3.1,0.0,4.6,3.6
2021-12-28,2.3,-0.6,0.9,0.0,0.2,0.2
2021-12-29,2.2,-0.3,1.0,0.2,0.0,0.2
2021-12-30,2.2,0.0,1.1,0.0,0.0,0.0
2021-12-31,6.7,1.9,4.3,0.0,0.0,0.0
2022-01-01,4.5,-3.2,0.7,0.2,2.8,2.4
2022-01-02,-2.9,-12.3,-7.6,0.0,2.6,1.4
2022-01-03,-6.6,-15.1,-10.9,0.0,0.0,0.0
2022-01-04,2.5,-7.8,-2.7,0.0,0.0,0.0
2022-01-05,4.1,-5.8,-0.9,0.8,0.0,0.8
2022-01-06,,,,0.0,0.0,0.0
2022-01-07,,,,0.0,0.0,0.0
2022-01-08,0.6,-15.0,-7.2,0.0,0.0,0.0
2022-01-09,3.6,-7.9,-2.2,0.0,0.0,0.0
2022-01-10,-7.1,-18.5,-12.8,0.0,0.2,0.2
2022-01-11,-3.9,-21.1,-12.5,0.0,0.2,0.2
2022-01-12,1.8,-3.8,-1.0,0.0,0.0,0.0
2022-01-13,0.9,-3.6,-1.4,0.0,0.0,0.0
2022-01-14,-1.6,-19.1,-10.4,0.0,0.0,0.0
2022-01-15,-13.1,-21.1,-17.1,0.0,0.0,0.0
2022-01-16,-1.4,-15.5,-8.5,0.0,5.2,3.6
2022-01-17,-2.8,-6.0,-4.4,0.0,29.2,28.8
2022-01-18,-1.0,-11.5,-6.3,0.0,1.2,1.2
2022-01-19,3.8,-8.9,-2.6,0.0,0.0,0.0
2022-01-20,-8.8,-18.7,-13.8,0.0,0.0,0.0
2022-01-21,-9.8,-20.0,-14.9,0.0,0.0,0.0
2022-01-22,-4.6,-18.8,-11.7,0.0,0.4,0.4
2022-01-23,-5.2,-17.8,-11.5,0.0,0.0,0.0
2022-01-24,-5.5,-17.7,-11.6,0.0,5.6,3.6
2022-01-25,-7.3,-15.4,-11.4,0.0,0.0,0.0
2022-01-26,,,,0.0,0.0,0.0
2022-01-27,-3.9,-13.9,-8.9,0.0,0.4,0.4
2022-01-28,-4.3,-18.0,-11.2,0.0,0.0,0.0
2022-01-29,-11.5,-21.2,-16.4,0.0,0.0,0.0
2022-01-30,-4.9,-14.8,-9.9,0.0,0.0,0.0
2022-01-31,-0.9,-7.0,-4.0,0.0,0.0,0.0
2022-02-01,4.7,-9.1,-2.2,0.0,0.0,0.0
2022-02-02,4.6,-3.0,0.8,5.4,8.0,11.4
2022-02-03,-3.0,-10.5,-6.8,0.0,7.2,4.2
2022-02-04,-10.5,-14.0,-12.3,0.0,0.4,0.4
2022-02-05,-7.2,-15.4,-11.3,0.0,0.0,0.0
2022-02-06,-0.2,-7.2,-3.7,0.0,0.0,0.0
2022-02-07,,,,,,
2022-02-08,-0.4,-5.5,-3.0,0.0,0.0,0.0
2022-02-09,6.0,-5.5,0.3,0.0,0.0,0.0
2022-02-10,2.8,-0.8,1.0,0.0,0.0,0.0
2022-02-11,3.5,-1.4,1.1,4.8,0.2,5.0
2022-02-12,2.5,-13.5,-5.5,0.8,1.0,1.8
2022-02-13,-9.2,-16.6,-12.9,0.0,0.2,0.2
2022-02-14,-9.6,-16.5,-13.1,0.0,0.0,0.0
2022-02-15,-3.3,-11.3,-7.3,0.0,0.0,0.0
2022-02-16,10.7,-3.8,3.5,0.2,0.0,0.2
2022-02-17,7.2,-5.2,1.0,26.2,13.4,36.2
2022-02-18,-4.8,-10.5,-7.7,0.0,5.4,5.0
2022-02-19,-2.0,-11.3,-6.7,0.0,4.6,4.2
2022-02-20,6.9,-9.5,-1.3,0.0,0.0,0.0
2022-02-21,6.2,-0.6,2.8,0.0,0.0,0.0
2022-02-22,9.2,-0.8,4.2,9.4,0.0,9.4
2022-02-23,,,,0.0,0.0,0.0
2022-02-24,-5.2,-11.6,-8.4,0.0,0.0,0.0
2022-02-25,-5.5,-12.9,-9.2,0.0,6.6,4.2
2022-02-26,-2.2,-13.4,-7.8,0.0,0.0,0.0
2022-02-27,0.4,-7.9,-3.8,0.0,1.0,0.4
2022-02-28,-3.8,-13.7,-8.8,0.0,0.0,0.0
2022-03-01,5.2,-3.8,0.7,0.0,0.0,0.0
2022-03-02,3.0,-5.0,-1.0,0.0,1.2,0.8
2022-03-03,-4.6,-10.4,-7.5,0.0,0.0,0.0
2022-03-04,1.3,-10.9,-4.8,0.0,0.0,0.0
2022-03-05,3.2,-3.7,-0.3,0.0,0.0,0.0
2022-03-06,16.0,-0.2,7.9,2.2,0.0,2.2
2022-03-07,2.7,-1.8,0.5,3.0,2.6,5.6
2022-03-08,2.6,-4.1,-0.8,0.0,0.4,0.4
2022-03-09,5.2,-2.7,1.3,0.0,0.0,0.0
2022-03-10,4.2,-3.4,0.4,0.0,0.0,0.0
2022-03-11,-0.7,-3.5,-2.1,0.0,5.8,4.8
2022-03-12,-3.3,-9.1,-6.2,0.0,0.2,0.2
2022-03-13,-0.3,-10.4,-5.4,0.0,1.4,0.8
2022-03-14,6.5,-4.7,0.9,0.0,0.0,0.0
2022-03-15,1.5,0.2,0.9,0.2,10.0,10.6
2022-03-16,2.5,-1.2,0.7,0.0,0.0,0.0
2022-03-17,17.3,-0.4,8.5,0.0,0.0,0.0
2022-03-18,14.3,5.6,10.0,0.0,0.0,0.0
2022-03-19,8.8,3.8,6.3,5.6,0.0,5.6
2022-03-20,11.9,0.8,6.4,0.6,0.0,0.6
2022-03-21,13.1,-0.7,6.2,0.0,0.0,0.0
2022-03-22,5.8,-2.9,1.5,0.0,0.0,0.0
2022-03-23,4.0,0.8,2.4,19.6,0.8,20.4
2022-03-24,11.4,3.4,7.4,0.0,0.0,0.0
2022-03-25,5.9,2.1,4.0,0.0,0.0,0.0
2022-03-26,7.0,-1.7,2.7,2.0,0.0,2.0
2022-03-27,-1.7,-8.7,-5.2,0.0,1.6,1.2
2022-03-28,-4.8,-11.4,-8.1,0.0,0.2,0.2
2022-03-29,2.4,-9.1,-3.4,0.0,0.0,0.0
2022-03-30,3.6,-3.7,-0.1,2.0,0.6,2.6
2022-03-31,18.2,2.4,10.3,1.0,0.0,1.0
2022-04-01,3.3,-1.7,0.8,0.2,1.0,1.0
2022-04-02,5.7,-3.8,1.0,0.0,0.0,0.0
2022-04-03,6.6,-1.0,2.8,0.2,0.8,1.0
2022-04-04,8.6,-2.3,3.2,0.0,0.0,0.0
2022-04-05,13.0,3.6,8.3,1.0,0.0,1.0
2022-04-06,12.1,7.2,9.7,6.6,0.0,6.6
2022-04-07,13.8,5.0,9.4,1.6,0.0,1.6
2022-04-08,9.7,2.5,6.1,1.8,0.0,1.8
2022-04-09,7.8,1.1,4.5,0.6,0.0,0.6
2022-04-10,9.4,0.6,5.0,0.0,0.0,0.0
2022-04-11,12.5,1.5,7.0,0.0,0.0,0.0
2022-04-12,15.8,5.1,10.5,0.0,0.0,0.0
2022-04-13,16.0,9.6,12.8,3.2,0.0,3.2
2022-04-14,14.2,5.3,9.8,0.6,0.0,0.6
2022-04-15,14.8,2.1,8.5,0.8,0.0,0.8
2022-04-16,,,,,,
2022-04-17,8.2,-1.5,3.4,0.0,0.0,0.0
2022-04-18,7.1,-1.6,2.8,3.6,6.8,11.4
2022-04-19,6.2,1.1,3.7,0.6,0.0,0.6
2022-04-20,10.4,1.7,6.1,0.0,0.0,0.0
2022-04-21,15.7,5.1,10.4,6.2,0.0,6.2
2022-04-22,12.4,1.0,6.7,0.0,0.0,0.0
2022-04-23,11.3,6.7,9.0,0.8,0.0,0.8
2022-04-24,16.8,7.3,12.1,0.0,0.0,0.0
2022-04-25,19.0,9.1,14.1,10.0,0.0,10.0
2022-04-26,10.4,1.9,6.2,2.8,0.0,2.8
2022-04-27,4.2,-1.9,1.2,0.0,0.0,0.0
2022-04-28,10.8,-2.2,4.3,0.0,0.0,0.0
2022-04-29,15.0,-0.2,7.4,0.0,0.0,0.0
2022-04-30,13.0,1.5,7.3,0.0,0.0,0.0
2022-05-01,11.4,6.3,8.9,2.0,0.0,2.0
2022-05-02,13.4,7.9,10.7,0.2,0.0,0.2
2022-05-03,,,,13.0,0.0,13.0
2022-05-04,15.7,7.3,11.5,8.6,0.0,8.6
2022-05-05,14.8,4.5,9.7,0.0,0.0,0.0
2022-05-06,16.4,8.6,12.5,0.0,0.0,0.0
2022-05-07,13.9,6.6,10.3,0.0,0.0,0.0
2022-05-08,15.9,5.5,10.7,0.0,0.0,0.0
2022-05-09,19.7,3.7,11.7,0.0,0.0,0.0
2022-05-10,22.3,8.2,15.3,0.0,0.0,0.0
2022-05-11,24.5,8.9,16.7,0.0,0.0,0.0
2022-05-12,26.4,10.5,18.5,0.0,0.0,0.0
2022-05-13,26.8,12.8,19.8,0.0,0.0,0.0
2022-05-14,26.5,15.2,20.9,0.0,0.0,0.0
2022-05-15,29.2,15.4,22.3,0.0,0.0,0.0
2022-05-16,,,,10.8,0.0,10.8
2022-05-17,16.9,6.5,11.7,0.0,0.0,0.0
2022-05-18,14.7,5.8,10.3,0.0,0.0,0.0
2022-05-19,22.5,9.3,15.9,0.2,0.0,0.2
2022-05-20,23.8,11.6,17.7,0.0,0.0,0.0
2022-05-21,29.9,16.2,23.1,6.2,0.0,6.2
2022-05-22,17.7,8.0,12.9,0.4,0.0,0.4
2022-05-23,16.6,6.7,11.7,0.0,0.0,0.0
2022-05-24,19.2,6.2,12.7,0.0,0.0,0.0
2022-05-25,20.1,10.3,15.2,0.2,0.0,0.2
2022-05-26,26.9,13.7,20.3,2.4,0.0,2.4
2022-05-27,24.0,15.0,19.5,1.8,0.0,1.8
2022-05-28,22.2,13.2,17.7,1.0,0.0,1.0
2022-05-29,24.5,13.5,19.0,0.0,0.0,0.0
2022-05-30,31.9,16.6,24.3,0.0,0.0,0.0
2022-05-31,32.8,21.0,26.9,0.0,0.0,0.0
2022-06-01,25.7,12.2,19.0,4.2,0.0,4.2
2022-06-02,21.9,9.5,15.7,0.0,0.0,0.0
2022-06-03,25.7,8.3,17.0,0.2,0.0,0.2
2022-06-04,21.1,7.2,14.2,0.0,0.0,0.0
2022-06-05,25.2,10.6,17.9,0.8,0.0,0.8
2022-06-06,21.7,13.7,17.7,9.2,0.0,9.2
2022-06-07,23.0,11.8,17.4,12.6,0.0,12.6
2022-06-08,22.3,10.5,16.4,3.6,0.0,3.6
2022-06-09,22.4,12.2,17.3,4.0,0.0,4.0
2022-06-10,23.0,11.5,17.3,0.0,0.0,0.0
2022-06-11,24.1,14.7,19.4,0.0,0.0,0.0
2022-06-12,24.7,13.4,19.1,1.2,0.0,1.2
2022-06-13,22.3,11.1,16.7,0.0,0.0,0.0
2022-06-14,24.5,16.5,20.5,0.0,0.0,0.0
2022-06-15,27.1,17.1,22.1,0.0,0.0,0.0
2022-06-16,33.3,18.8,26.1,0.0,0.0,0.0
2022-06-17,27.3,12.6,20.0,0.0,0.0,0.0
2022-06-18,19.8,10.8,15.3,0.0,0.0,0.0
2022-06-19,23.1,10.1,16.6,0.0,0.0,0.0
2022-06-20,25.4,14.7,20.1,0.0,0.0,0.0
2022-06-21,35.3,17.0,26.2,0.0,0.0,0.0
2022-06-22,35.5,17.7,26.6,0.0,0.0,0.0
2022-06-23,28.3,14.8,21.6,0.0,0.0,0.0
2022-06-24,28.5,13.4,21.0,0.0,0.0,0.0
2022-06-25,30.7,18.9,24.8,0.0,0.0,0.0
2022-06-26,31.4,18.7,25.1,0.4,0.0,0.4
2022-06-27,22.0,12.3,17.2,0.0,0.0,0.0
2022-06-28,24.1,11.0,17.6,0.0,0.0,0.0
2022-06-29,25.2,14.4,19.8,4.2,0.0,4.2
2022-06-30,27.6,13.9,20.8,0.0,0.0,0.0
2022-07-01,29.6,20.4,25.0,0.6,0.0,0.6
2022-07-02,29.3,14.0,21.7,0.0,0.0,0.0
2022-07-03,28.1,13.1,20.6,0.0,0.0,0.0
2022-07-04,26.2,15.5,20.9,0.0,0.0,0.0
2022-07-05,27.7,18.4,23.1,7.4,0.0,7.4
2022-07-06,23.9,16.0,20.0,0.0,0.0,0.0
2022-07-07,26.2,14.3,20.3,0.0,0.0,0.0
2022-07-08,26.9,15.8,21.4,0.0,0.0,0.0
2022-07-09,23.9,13.2,18.6,0.0,0.0,0.0
2022-07-10,27.8,14.1,21.0,0.0,0.0,0.0
2022-07-11,31.6,15.4,23.5,0.4,0.0,0.4
2022-07-12,28.1,18.3,23.2,0.0,0.0,0.0
2022-07-13,24.1,16.6,20.4,0.0,0.0,0.0
2022-07-14,26.8,15.1,21.0,0.0,0.0,0.0
2022-07-15,27.1,14.9,21.0,0.0,0.0,0.0
2022-07-16,29.4,16.7,23.1,0.0,0.0,0.0
2022-07-17,29.4,18.4,23.9,0.0,0.0,0.0
2022-07-18,27.9,19.6,23.8,16.0,0.0,16.0
2022-07-19,34.7,19.5,27.1,0.0,0.0,0.0
2022-07-20,31.7,23.4,27.6,0.0,0.0,0.0
2022-07-21,31.3,21.4,26.4,0.0,0.0,0.0
2022-07-22,32.7,19.2,26.0,0.0,0.0,0.0
2022-07-23,33.2,21.8,27.5,0.0,0.0,0.0
2022-07-24,31.0,21.1,26.1,18.4,0.0,18.4
2022-07-25,23.4,15.8,19.6,0.0,0.0,0.0
2022-07-26,24.2,13.8,19.0,0.0,0.0,0.0
2022-07-27,26.2,16.0,21.1,0.0,0.0,0.0
2022-07-28,29.5,18.9,24.2,0.8,0.0,0.8
2022-07-29,28.9,14.5,21.7,0.0,0.0,0.0
2022-07-30,27.1,15.5,21.3,0.0,0.0,0.0
2022-07-31,28.4,16.8,22.6,0.0,0.0,0.0
2022-08-01,29.8,18.6,24.2,0.2,0.0,0.2
2022-08-02,26.5,17.1,21.8,0.0,0.0,0.0
2022-08-03,31.0,15.3,23.2,1.0,0.0,1.0
2022-08-04,29.1,21.3,25.2,15.0,0.0,15.0
2022-08-05,29.2,20.1,24.7,0.0,0.0,0.0
2022-08-06,31.6,20.9,26.3,0.0,0.0,0.0
2022-08-07,33.9,22.8,28.4,0.0,0.0,0.0
2022-08-08,31.4,19.5,25.5,2.0,0.0,2.0
2022-08-09,22.9,17.7,20.3,0.0,0.0,0.0
2022-08-10,26.8,15.1,21.0,0.0,0.0,0.0
2022-08-11,26.5,16.3,21.4,0.0,0.0,0.0
2022-08-12,26.4,13.7,20.1,0.0,0.0,0.0
2022-08-13,25.9,12.9,19.4,0.0,0.0,0.0
2022-08-14,26.7,15.9,21.3,0.0,0.0,0.0
2022-08-15,27.8,17.1,22.5,0.0,0.0,0.0
2022-08-16,28.2,16.3,22.3,0.0,0.0,0.0
2022-08-17,27.8,17.0,22.4,24.0,0.0,24.0
2022-08-18,28.3,16.8,22.6,1.6,0.0,1.6
2022-08-19,27.9,16.2,22.1,0.8,0.0,0.8
2022-08-20,29.4,17.5,23.5,0.0,0.0,0.0
2022-08-21,25.6,18.5,22.1,13.4,0.0,13.4
2022-08-22,25.5,19.1,22.3,12.2,0.0,12.2
2022-08-23,28.4,17.1,22.8,0.0,0.0,0.0
2022-08-24,29.8,16.1,23.0,0.0,0.0,0.0
2022-08-25,24.9,18.5,21.7,5.8,0.0,5.8
2022-08-26,25.9,15.0,20.5,0.0,0.0,0.0
2022-08-27,23.4,13.0,18.2,0.0,0.0,0.0
2022-08-28,28.2,14.7,21.5,0.0,0.0,0.0
2022-08-29,30.9,21.3,26.1,1.8,0.0,1.8
2022-08-30,26.0,16.3,21.2,3.0,0.0,3.0
2022-08-31,26.8,15.0,20.9,0.0,0.0,0.0
2022-09-01,24.2,11.9,18.1,0.0,0.0,0.0
2022-09-02,27.9,16.1,22.0,0.0,0.0,0.0
2022-09-03,29.7,18.3,24.0,0.0,0.0,0.0
2022-09-04,20.3,15.8,18.1,0.4,0.0,0.4
2022-09-05,21.5,15.6,18.6,0.0,0.0,0.0
2022-09-06,23.7,14.5,19.1,0.0,0.0,0.0
2022-09-07,24.3,16.6,20.5,0.0,0.0,0.0
2022-09-08,26.7,15.0,20.9,0.0,0.0,0.0
2022-09-09,26.7,15.5,21.1,0.0,0.0,0.0
2022-09-10,28.3,18.8,23.6,0.0,0.0,0.0
2022-09-11,24.4,19.8,22.1,2.0,0.0,2.0
2022-09-12,24.1,15.3,19.7,5.2,0.0,5.2
2022-09-13,21.6,12.1,16.9,0.4,0.0,0.4
2022-09-14,25.3,11.0,18.2,0.0,0.0,0.0
2022-09-15,19.0,8.6,13.8,0.0,0.0,0.0
2022-09-16,24.7,11.7,18.2,0.0,0.0,0.0
2022-09-17,24.6,15.5,20.1,0.0,0.0,0.0
2022-09-18,,,,3.6,0.0,3.6
2022-09-19,27.8,16.1,22.0,0.2,0.0,0.2
2022-09-20,26.2,15.4,20.8,0.0,0.0,0.0
2022-09-21,29.5,16.5,23.0,0.0,0.0,0.0
2022-09-22,17.3,7.5,12.4,0.2,0.0,0.2
2022-09-23,16.5,5.0,10.8,0.0,0.0,0.0
2022-09-24,18.6,5.8,12.2,0.0,0.0,0.0
2022-09-25,18.6,12.4,15.5,23.2,0.0,23.2
2022-09-26,17.4,10.4,13.9,2.4,0.0,2.4
2022-09-27,17.8,11.3,14.6,1.8,0.0,1.8
2022-09-28,13.6,10.0,11.8,0.0,0.0,0.0
2022-09-29,16.2,8.1,12.2,0.0,0.0,0.0
2022-09-30,17.6,5.6,11.6,0.0,0.0,0.0
2022-10-01,20.2,9.0,14.6,0.0,0.0,0.0
2022-10-02,16.0,6.5,11.3,0.0,0.0,0.0
2022-10-03,16.2,2.8,9.5,0.0,0.0,0.0
2022-10-04,18.3,6.2,12.3,0.0,0.0,0.0
2022-10-05,22.8,8.1,15.5,0.0,0.0,0.0
2022-10-06,23.4,12.9,18.2,0.4,0.0,0.4
2022-10-07,13.3,1.9,7.6,0.2,0.0,0.2
2022-10-08,12.2,0.8,6.5,0.0,0.0,0.0
2022-10-09,15.5,5.9,10.7,0.0,0.0,0.0
2022-10-10,15.9,6.0,11.0,0.0,0.0,0.0
2022-10-11,22.4,5.0,13.7,0.0,0.0,0.0
2022-10-12,19.9,13.8,16.9,4.8,0.0,4.8
2022-10-13,15.5,6.9,11.2,11.4,0.0,11.4
2022-10-14,14.2,6.2,10.2,0.4,0.0,0.4
2022-10-15,13.3,5.9,9.6,1.8,0.0,1.8
2022-10-16,16.6,6.0,11.3,0.0,0.0,0.0
2022-10-17,9.8,3.5,6.7,0.8,0.0,0.8
2022-10-18,9.4,0.9,5.2,2.0,0.0,2.0
2022-10-19,9.8,3.2,6.5,1.4,0.0,1.4
2022-10-20,6.8,1.2,4.0,0.6,0.0,0.6
2022-10-21,17.6,0.3,9.0,0.0,0.0,0.0
2022-10-22,21.2,10.6,15.9,0.0,0.0,0.0
2022-10-23,18.8,6.4,12.6,0.0,0.0,0.0
2022-10-24,18.9,5.2,12.1,0.0,0.0,0.0
2022-10-25,17.3,7.8,12.6,0.0,0.0,0.0
2022-10-26,14.3,6.9,10.6,9.4,0.0,9.4
2022-10-27,10.2,1.8,6.0,0.0,0.0,0.0
2022-10-28,10.6,1.3,6.0,0.0,0.0,0.0
2022-10-29,15.2,0.1,7.7,0.0,0.0,0.0
2022-10-30,13.9,1.7,7.8,0.0,0.0,0.0
2022-10-31,11.5,5.9,8.7,3.4,0.0,3.4
2022-11-01,19.9,7.2,13.6,10.4,0.0,10.4
2022-11-02,14.8,5.2,10.0,0.0,0.0,0.0
2022-11-03,12.9,6.7,9.8,0.0,0.0,0.0
2022-11-04,20.8,7.8,14.3,0.0,0.0,0.0
2022-11-05,25.1,12.7,18.9,5.2,0.0,5.2
2022-11-06,18.2,11.1,14.7,0.0,0.0,0.0
2022-11-07,13.2,3.1,8.2,0.0,0.0,0.0
2022-11-08,9.7,2.3,6.0,0.0,0.0,0.0
2022-11-09,12.1,4.0,8.1,0.0,0.0,0.0
2022-11-10,21.3,7.8,14.6,0.0,0.0,0.0
2022-11-11,14.6,11.1,12.9,9.0,0.0,9.0
2022-11-12,11.3,2.5,6.9,0.6,0.0,0.6
2022-11-13,4.3,-1.8,1.3,0.0,0.2,0.2
2022-11-14,4.5,-2.2,1.2,0.0,0.0,0.0
2022-11-15,0.8,-2.1,-0.7,0.0,4.2,4.2
2022-11-16,1.8,-1.9,-0.1,0.0,5.0,5.0
2022-11-17,1.2,-3.3,-1.1,0.0,0.4,0.4
2022-11-18,1.4,-2.8,-0.7,0.0,0.0,0.0
2022-11-19,-1.3,-5.2,-3.3,0.0,0.4,0.4
2022-11-20,-3.4,-7.5,-5.5,0.0,1.8,1.8
2022-11-21,7.2,-7.7,-0.3,0.0,0.0,0.0
2022-11-22,5.2,-2.2,1.5,0.0,0.0,0.0
2022-11-23,8.0,-3.1,2.5,0.0,0.0,0.0
2022-11-24,9.4,-2.2,3.6,0.0,0.0,0.0
2022-11-25,7.6,0.0,3.8,0.2,0.0,0.2
2022-11-26,13.6,-0.4,6.6,0.0,0.0,0.0
2022-11-27,6.2,2.8,4.5,5.0,0.0,5.0
2022-11-28,4.1,0.2,2.2,0.0,0.0,0.0
2022-11-29,6.7,0.8,3.8,0.0,0.0,0.0
2022-11-30,9.4,-2.5,3.5,12.2,1.0,13.0
2022-12-01,2.0,-3.3,-0.7,0.0,0.0,0.0
2022-12-02,7.6,-3.6,2.0,2.8,0.0,2.8
2022-12-03,10.2,-0.2,5.0,8.2,0.0,8.2
2022-12-04,2.2,-4.6,-1.2,0.0,0.0,0.0
2022-12-05,5.6,-0.6,2.5,0.0,0.0,0.0
2022-12-06,6.2,4.6,5.4,0.6,0.0,0.6
2022-12-07,7.8,2.7,5.3,0.2,0.0,0.2
2022-12-08,5.0,-1.9,1.6,0.0,0.0,0.0
2022-12-09,0.7,-3.4,-1.4,0.0,0.0,0.0
2022-12-10,-1.0,-5.0,-3.0,0.0,0.0,0.0
2022-12-11,-0.8,-3.8,-2.3,0.0,5.2,5.2
2022-12-12,-1.8,-7.6,-4.7,0.0,0.0,0.0
2022-12-13,-0.5,-9.1,-4.8,0.0,0.0,0.0
2022-12-14,-1.0,-7.5,-4.3,0.0,0.0,0.0
2022-12-15,1.6,-1.6,0.0,23.8,5.0,28.8
2022-12-16,4.2,-2.0,1.1,2.8,0.4,3.2
2022-12-17,1.1,-2.5,-0.7,0.0,0.0,0.0
2022-12-18,0.2,-2.8,-1.3,0.0,1.2,0.6
2022-12-19,1.4,-2.7,-0.7,0.0,0.0,0.0
2022-12-20,0.6,-2.7,-1.1,0.0,0.0,0.0
2022-12-21,-0.2,-5.6,-2.9,0.0,0.0,0.0
2022-12-22,4.1,-3.8,0.2,9.8,0.0,9.8
2022-12-23,3.8,-13.6,-4.9,9.2,2.0,11.2
2022-12-24,-9.1,-14.8,-12.0,0.0,0.0,0.0
2022-12-25,-4.8,-9.1,-7.0,0.0,0.2,0.2
2022-12-26,-5.5,-9.3,-7.4,0.0,0.0,0.0
2022-12-27,-1.4,-7.1,-4.3,0.0,0.0,0.0
2022-12-28,4.6,-1.4,1.6,0.0,0.0,0.0
2022-12-29,9.5,2.0,5.8,0.0,0.0,0.0
2022-12-30,13.1,8.2,10.7,5.8,0.0,5.8
2022-12-31,9.7,2.7,6.2,18.6,0.0,18.6
2023-01-01,4.2,2.2,3.2,2.8,0.0,2.8
2023-01-02,5.1,1.9,3.5,0.0,0.0,0.0
2023-01-03,4.0,0.4,2.2,4.0,0.0,4.0
2023-01-04,3.7,2.1,2.9,20.8,0.0,20.8
2023-01-05,4.2,2.3,3.3,1.2,0.0,1.2
2023-01-06,4.2,1.5,2.9,0.2,0.0,0.2
2023-01-07,2.1,-5.0,-1.5,0.0,0.0,0.0
2023-01-08,-2.2,-5.9,-4.1,0.0,0.0,0.0
2023-01-09,1.2,-2.8,-0.8,0.0,0.0,0.0
2023-01-10,0.8,-2.4,-0.8,0.0,0.0,0.0
2023-01-11,1.4,-5.1,-1.9,0.0,0.2,0.2
2023-01-12,3.6,-0.5,1.6,3.4,2.8,6.2
2023-01-13,-0.5,-9.4,-5.0,0.0,4.6,4.6
2023-01-14,-3.2,-10.6,-6.9,0.0,0.0,0.0
2023-01-15,-1.4,-11.0,-6.2,0.0,0.0,0.0
2023-01-16,1.8,-7.4,-2.8,0.0,0.0,0.0
2023-01-17,4.4,0.2,2.3,3.6,0.2,3.8
2023-01-18,4.9,1.4,3.2,0.2,0.0,0.2
2023-01-19,3.3,1.0,2.2,3.0,0.2,3.2
2023-01-20,2.6,-1.5,0.6,1.4,0.0,1.4
2023-01-21,0.2,-2.0,-0.9,0.0,0.0,0.0
2023-01-22,1.3,-2.8,-0.8,0.0,2.8,2.8
2023-01-23,2.0,-3.2,-0.6,0.0,0.0,0.0
2023-01-24,3.2,-2.2,0.5,0.0,0.2,0.2
2023-01-25,1.4,-2.1,-0.4,1.2,13.8,15.0
2023-01-26,1.4,-3.8,-1.2,0.0,1.2,1.2
2023-01-27,0.4,-2.9,-1.3,0.0,1.2,0.8
2023-01-28,2.1,-2.8,-0.4,0.0,0.4,0.4
2023-01-29,0.3,-7.5,-3.6,0.0,8.4,8.2
2023-01-30,-2.4,-10.2,-6.3,0.0,0.2,0.2
2023-01-31,-5.9,-14.0,-10.0,0.0,0.0,0.0
2023-02-01,-5.0,-14.8,-9.9,0.0,0.0,0.0
2023-02-02,1.7,-10.9,-4.6,0.0,0.6,0.6
2023-02-03,-10.8,-21.8,-16.3,0.0,0.0,0.0
2023-02-04,-2.5,-21.4,-12.0,0.0,0.8,0.4
2023-02-05,4.2,-1.9,1.2,0.0,0.0,0.0
2023-02-06,2.3,-3.6,-0.7,0.2,0.0,0.2
2023-02-07,7.1,-1.0,3.1,0.0,0.0,0.0
2023-02-08,7.3,0.2,3.8,0.0,0.0,0.0
2023-02-09,6.3,0.3,3.3,30.6,0.0,30.6
2023-02-10,4.9,-3.0,1.0,0.0,0.0,0.0
2023-02-11,2.4,-4.5,-1.1,0.0,0.0,0.0
2023-02-12,6.8,-2.8,2.0,0.0,0.0,0.0
2023-02-13,9.1,-2.9,3.1,0.0,0.0,0.0
2023-02-14,9.2,-3.0,3.1,0.0,0.0,0.0
2023-02-15,15.0,3.9,9.5,0.6,0.0,0.6
2023-02-16,5.5,-1.1,2.2,4.6,0.0,4.6
2023-02-17,0.2,-9.5,-4.7,5.4,0.6,6.0
2023-02-18,1.7,-8.0,-3.2,0.0,0.0,0.0
2023-02-19,9.7,-0.4,4.7,0.0,0.0,0.0
2023-02-20,5.3,-3.1,1.1,0.0,0.0,0.0
2023-02-21,6.8,-3.0,1.9,0.0,0.0,0.0
2023-02-22,-1.3,-7.8,-4.6,0.0,17.4,17.2
2023-02-23,-0.8,-8.1,-4.5,0.8,0.8,1.6
2023-05-01,10.6,4.3,7.5,2.8,0.0,2.8
2023-05-02,6.9,2.1,4.5,9.2,0.0,9.2
2023-05-03,11.1,2.4,6.8,6.2,0.0,6.2
2023-02-24,-2.7,-10.2,-6.5,0.0,,
2023-02-25,-2.4,-9.2,-5.8,0.0,2.5,2.5
2023-02-26,2.3,-5.7,-1.7,0.0,0.0,0.0
2023-02-27,-0.1,-7.8,-4.0,2.0,5.4,7.4
2023-02-28,1.7,-1.2,0.3,0.8,0.8,1.6
2023-03-01,2.9,-2.0,0.5,0.0,0.0,0.0
2023-03-02,3.8,-2.5,0.7,0.0,0.0,0.0
2023-03-03,0.4,-5.4,-2.5,0.0,18.6,18.6
2023-03-04,5.8,-1.5,2.2,0.0,6.0,6.0
2023-03-05,5.0,-2.4,1.3,0.2,0.4,0.6
2023-03-06,3.2,-4.3,-0.6,0.0,0.0,0.0
2023-03-07,1.8,-2.8,-0.5,0.0,0.0,0.0
2023-03-08,0.9,-3.2,-1.2,0.0,0.0,0.0
2023-03-09,2.8,-3.8,-0.5,0.0,0.0,0.0
2023-03-10,0.0,-2.5,-1.3,0.0,9.6,7.2
2023-03-11,-0.6,-5.5,-3.1,0.0,0.4,0.4
2023-03-12,-0.2,-5.5,-2.9,0.0,4.4,3.0
2023-03-13,0.8,-3.5,-1.4,0.0,2.2,2.2
2023-03-14,-1.0,-5.6,-3.3,0.0,,
2023-03-15,4.7,-5.6,-0.5,0.0,0.0,0.0
2023-03-16,9.7,0.3,5.0,3.2,0.0,3.2
2023-03-17,8.2,0.1,4.2,5.6,,5.6
2023-03-18,1.2,-6.6,-2.7,0.0,2.0,2.0
2023-03-19,1.0,-8.1,-3.6,0.0,,
2023-03-20,7.2,-2.9,2.2,0.0,0.0,0.0
2023-03-21,10.0,2.6,6.3,0.0,0.0,0.0
2023-03-22,6.3,0.8,3.6,0.0,,
2023-03-23,8.6,-2.1,3.3,6.8,0.0,6.8
2023-03-24,6.0,-1.6,2.2,0.0,0.0,0.0
2023-03-25,9.1,0.9,5.0,19.6,,19.6
2023-03-26,9.6,1.7,5.7,,,
2023-03-27,4.4,1.5,3.0,,,1.8
2023-03-28,6.4,0.8,3.6,0.0,0.0,0.0
2023-03-29,9.1,-6.3,1.4,0.8,1.0,1.8
2023-03-30,4.2,-7.2,-1.5,0.0,0.0,0.0
2023-03-31,4.9,0.1,2.5,11.2,,11.2
2023-04-01,14.6,-2.2,6.2,17.2,0.0,17.2
2023-04-02,3.6,-4.8,-0.6,0.0,0.0,0.0
2023-04-03,14.1,0.6,7.4,0.0,0.0,0.0
2023-04-04,10.9,5.5,8.2,1.8,0.0,1.8
2023-04-05,15.0,2.9,9.0,24.4,0.0,24.4
2023-04-06,14.5,3.6,9.1,0.0,0.0,0.0
2023-04-07,6.5,-2.0,2.3,0.0,0.0,0.0
2023-04-08,6.4,-3.9,1.3,0.0,0.0,0.0
2023-04-09,10.6,-1.0,4.8,0.0,0.0,0.0
2023-04-10,20.3,1.7,11.0,0.0,0.0,0.0
2023-04-11,23.8,7.8,15.8,0.0,0.0,0.0
2023-04-12,26.7,11.9,19.3,0.0,0.0,0.0
2023-04-13,29.4,13.4,21.4,0.0,0.0,0.0
2023-04-14,26.9,13.1,20.0,0.0,0.0,0.0
2023-04-15,24.1,12.6,18.4,0.0,0.0,0.0
2023-04-16,24.5,9.4,17.0,2.8,0.0,2.8
2023-04-17,9.3,2.3,5.8,1.2,0.0,1.2
2023-04-18,5.7,0.5,3.1,0.2,0.4,0.6
2023-04-19,9.6,0.8,5.2,,0.0,
2023-04-20,10.4,3.3,6.9,0.4,0.0,0.4
2023-04-21,20.6,7.4,14.0,3.4,0.0,3.4
2023-04-22,11.4,6.4,8.9,23.4,0.0,23.4
2023-04-23,8.3,3.6,6.0,0.2,0.0,0.2
2023-04-24,9.4,2.8,6.1,0.0,,
2023-04-25,11.3,1.6,6.5,,0.0,
2023-04-26,9.1,0.6,4.9,0.4,0.0,0.4
2023-04-27,12.4,0.1,6.3,0.0,0.0,0.0
2023-04-28,12.6,6.7,9.7,9.8,0.0,9.8
2023-04-29,10.3,6.4,8.4,3.4,0.0,3.4
2023-04-30,11.3,6.6,9.0,12.8,0.0,12.8
2023-05-04,11.1,6.5,8.8,0.0,0.0,0.0
2023-05-05,14.5,6.7,10.6,0.2,0.0,0.2
2023-05-06,17.9,3.7,10.8,0.0,0.0,0.0
2023-05-07,16.3,7.8,12.1,11.0,0.0,11.0
2023-05-08,19.6,8.1,13.9,0.0,0.0,0.0
2023-05-09,15.9,6.6,11.3,0.0,0.0,0.0
2023-05-10,21.4,4.4,12.9,0.0,0.0,0.0
2023-05-11,26.6,9.9,18.3,0.0,0.0,0.0
2023-05-12,28.4,14.5,21.5,0.0,0.0,0.0
2023-05-13,23.3,11.6,17.5,0.0,0.0,0.0
2023-05-14,17.8,8.5,13.2,0.0,0.0,0.0
2023-05-15,22.8,7.2,15.0,0.0,0.0,0.0
2023-05-16,24.0,5.0,14.5,0.0,0.0,0.0
2023-05-17,11.5,0.9,6.2,0.0,0.0,0.0
2023-05-18,14.3,1.3,7.8,0.0,0.0,0.0
2023-05-19,22.2,7.0,14.6,15.4,0.0,15.4
2023-05-20,16.6,11.1,13.9,14.0,0.0,14.0
2023-05-21,24.1,8.6,16.4,0.0,0.0,0.0
2023-05-22,16.5,8.8,12.7,0.0,0.0,0.0
2023-05-23,20.4,8.4,14.4,0.0,0.0,0.0
2023-05-24,17.0,5.2,11.1,0.0,0.0,0.0
2023-05-25,16.4,4.1,10.3,0.0,0.0,0.0
2023-05-26,20.2,6.6,13.4,0.0,0.0,0.0
2023-05-27,23.5,8.2,15.9,0.0,0.0,0.0
2023-05-28,27.8,11.6,19.7,0.0,0.0,0.0
2023-05-29,24.9,13.8,19.4,0.0,0.0,0.0
2023-05-30,27.2,13.8,20.5,0.0,0.0,0.0
2023-05-31,30.5,16.6,23.6,0.0,0.0,0.0
2023-06-01,30.9,18.2,24.6,0.0,0.0,0.0
2023-06-02,32.3,20.1,26.2,0.6,0.0,0.6
2023-06-03,22.1,15.2,18.7,0.0,0.0,0.0
2023-06-04,20.5,11.5,16.0,0.0,0.0,0.0
2023-06-05,24.9,13.5,19.2,0.0,0.0,0.0
2023-06-06,23.3,13.8,18.6,0.0,0.0,0.0
2023-06-07,21.3,11.9,16.6,0.0,,
2023-06-08,19.1,13.3,16.2,0.6,0.0,0.6
2023-06-09,22.1,10.6,16.4,3.6,0.0,3.6
2023-06-10,27.3,11.5,19.4,0.0,0.0,0.0
2023-06-11,23.1,15.1,19.1,10.2,0.0,10.2
2023-06-12,18.8,11.8,15.3,31.0,0.0,31.0
2023-06-13,19.9,10.7,15.3,4.0,0.0,4.0
2023-06-14,20.6,11.2,15.9,,0.0,
2023-06-15,21.3,11.1,16.2,2.2,0.0,2.2
2023-06-16,23.4,12.8,18.1,0.0,0.0,0.0
2023-06-17,25.4,11.5,18.5,0.0,0.0,0.0
2023-06-18,25.2,13.3,19.3,0.0,0.0,0.0
2023-06-19,25.0,14.1,19.6,0.0,0.0,0.0
2023-06-20,26.0,17.7,21.9,0.0,0.0,0.0
